Workbook

Sheet Welcome
C1: PROTEIN RATIO Harbour Market catalogue
A5: HARBOUR MARKET · CATALOGUE 2026
A6: 30 products from your catalogue file, each classified for WWF and for the Protein Tracker. Protein contents: your declared values, then the Altera reference database, Open Food Facts (ODbL), NEVO and CIQUAL.
A8: What this workbook contains | B8: The share of the protein you put on the market that is plant-based, and how it breaks down.
A10: How to use it | B10: Enter your sales volumes in the yellow column, further down this page. All tabs recalculate automatically.
A12: Your volumes | B12: Units sold over twelve months, from your file: type others over them and every tab recalculates.
A14: ACCURACY | B14: Measured by hand | C14: Measured on your own catalogue, one rate per field, on a control sample sealed before review: • 500 products drawn at random • the 500 heaviest products in tonnes of protein • the 3 best sellers of every category Reviewed by hand, row by row.
A19: THE TABS
A20: Protein Tracker | B20: the ratio and the four classes of the GPA methodology
A21: WWF | B21: the seven food groups, whole versus composite, the detail by subgroup
A22: By category | B22: the WWF sub-groups and the 28 retailer categories
A23: By department | B23: the 15 departments
A24: By brand | B24: the 30 brands
A25: By product | B25: the 10 products carrying the most plant protein and the 10 carrying the most animal protein
A26: Data | B26: one row per product, 30 in total
A30: YOUR SALES VOLUMES · enter them in the yellow column
A31: Sorted by sales rank: item 1 is the one that sells the most.
A32: Sales rank | B32: EAN 13 | C32: Product | D32: Volume sold (units)
A33: 1 | B33: 3428273980046 | C33: Matin Léger semi-skimmed milk, 1 L | D33: 612000
A34: 2 | B34: 5449000214911 | C34: Coca-Cola Original, 33 cl | D34: 296000
A35: 3 | B35: 8076800195057 | C35: Spaghetti n°5, 500 g | D35: 254000
A36: 4 | B36: 3154230809302 | C36: Le Bon Paris cooked ham, 4 slices | D36: 228000
A37: 5 | B37: 3251320080617 | C37: 6 free-range eggs, Label Rouge | D37: 214000
A38: 6 | B38: 3181232220286 | C38: Minced beef patties 5% fat, 2 × 130 g | D38: 186000
A39: 7 | B39: 3119780259625 | C39: Heineken lager, 33 cl | D39: 180000
A40: 8 | B40: 3228857000852 | C40: Crustless white sandwich bread, 500 g | D40: 167000
A41: 9 | B41: 3033491147067 | C41: Activia natural yogurt, 4 × 125 g | D41: 164000
A42: 10 | B42: 3266980891411 | C42: Chicken breast fillets, 300 g | D42: 142000
A43: 11 | B43: 3017620422003 | C43: Nutella hazelnut spread, 400 g | D43: 139000
A44: 12 | B44: 3412290015980 | C44: Unsalted butter, 250 g | D44: 131000
... A62: 30 | B62: 4012359144003 | C62: Japanese-style tofu fillets, 160 g | D62: 9800

Sheet Protein Tracker
A1: PROTEIN TRACKER · Green Protein Alliance
A3: Plant share of protein | C3: =IF(SUMIFS(Data!$S$2:$S$31,Data!$K$2:$K$31,"<>not applicable")+SUMIFS(Data!$T$2:$T$31,Data!$K$2:$K$31,"<>not applicable")=0,"",SUMIFS(Data!$S$2:$S$31,Data!$K$2:$K$31,"<>not applicable")/(SUMIFS(Data!$S$2:$S$31,Data!$K$2:$K$31,"<>not applicable")+SUMIFS(Data!$T$2:$T$31,Data!$K$2:$K$31,"<>not applicable")))
A4: across the Protein Tracker scope
A6: Each product falls into one class and only one. The four classes below cover the whole scope.
A8: THE FOUR CLASSES
B10: Protein (t) | C10: Share
A11: Animal core | B11: =(SUMIFS(Data!$S$2:$S$31,Data!$K$2:$K$31,"animal_core")+SUMIFS(Data!$T$2:$T$31,Data!$K$2:$K$31,"animal_core"))/1000 | C11: =IF((SUMIFS(Data!$S$2:$S$31,Data!$K$2:$K$31,"<>not applicable")+SUMIFS(Data!$T$2:$T$31,Data!$K$2:$K$31,"<>not applicable"))=0,"",B11*1000/(SUMIFS(Data!$S$2:$S$31,Data!$K$2:$K$31,"<>not applicable")+SUMIFS(Data!$T$2:$T$31,Data!$K$2:$K$31,"<>not applicable")))
A12: Animal and plant composite | B12: =(SUMIFS(Data!$S$2:$S$31,Data!$K$2:$K$31,"animal-plant-based composite")+SUMIFS(Data!$T$2:$T$31,Data!$K$2:$K$31,"animal-plant-based composite"))/1000 | C12: =IF((SUMIFS(Data!$S$2:$S$31,Data!$K$2:$K$31,"<>not applicable")+SUMIFS(Data!$T$2:$T$31,Data!$K$2:$K$31,"<>not applicable"))=0,"",B12*1000/(SUMIFS(Data!$S$2:$S$31,Data!$K$2:$K$31,"<>not applicable")+SUMIFS(Data!$T$2:$T$31,Data!$K$2:$K$31,"<>not applicable")))
A13: Plant-based non-core | B13: =(SUMIFS(Data!$S$2:$S$31,Data!$K$2:$K$31,"plant_non_core")+SUMIFS(Data!$T$2:$T$31,Data!$K$2:$K$31,"plant_non_core"))/1000 | C13: =IF((SUMIFS(Data!$S$2:$S$31,Data!$K$2:$K$31,"<>not applicable")+SUMIFS(Data!$T$2:$T$31,Data!$K$2:$K$31,"<>not applicable"))=0,"",B13*1000/(SUMIFS(Data!$S$2:$S$31,Data!$K$2:$K$31,"<>not applicable")+SUMIFS(Data!$T$2:$T$31,Data!$K$2:$K$31,"<>not applicable")))
A14: Plant-based core | B14: =(SUMIFS(Data!$S$2:$S$31,Data!$K$2:$K$31,"plant_core")+SUMIFS(Data!$T$2:$T$31,Data!$K$2:$K$31,"plant_core"))/1000 | C14: =IF((SUMIFS(Data!$S$2:$S$31,Data!$K$2:$K$31,"<>not applicable")+SUMIFS(Data!$T$2:$T$31,Data!$K$2:$K$31,"<>not applicable"))=0,"",B14*1000/(SUMIFS(Data!$S$2:$S$31,Data!$K$2:$K$31,"<>not applicable")+SUMIFS(Data!$T$2:$T$31,Data!$K$2:$K$31,"<>not applicable")))
A15: Total | B15: =(SUMIFS(Data!$S$2:$S$31,Data!$K$2:$K$31,"<>not applicable")+SUMIFS(Data!$T$2:$T$31,Data!$K$2:$K$31,"<>not applicable"))/1000 | C15: =IF((SUMIFS(Data!$S$2:$S$31,Data!$K$2:$K$31,"<>not applicable")+SUMIFS(Data!$T$2:$T$31,Data!$K$2:$K$31,"<>not applicable"))=0,"",B15*1000/(SUMIFS(Data!$S$2:$S$31,Data!$K$2:$K$31,"<>not applicable")+SUMIFS(Data!$T$2:$T$31,Data!$K$2:$K$31,"<>not applicable")))
A18: THE DETAIL OF EACH CLASS
A20: The two core groups are broken down into subgroups. Please note the Animal core subgroups are not a part of the Protein Tracker methodology but are included voluntarily by Altera.
B22: Protein (t) | C22: Share
A23: Animal core
A24: Red meat | B24: =(SUMIFS(Data!$S$2:$S$31,Data!$K$2:$K$31,"animal_core",Data!$G$2:$G$31,"red_meat")+SUMIFS(Data!$T$2:$T$31,Data!$K$2:$K$31,"animal_core",Data!$G$2:$G$31,"red_meat"))/1000 | C24: =IF((SUMIFS(Data!$S$2:$S$31,Data!$K$2:$K$31,"<>not applicable")+SUMIFS(Data!$T$2:$T$31,Data!$K$2:$K$31,"<>not applicable"))=0,"",B24*1000/(SUMIFS(Data!$S$2:$S$31,Data!$K$2:$K$31,"<>not applicable")+SUMIFS(Data!$T$2:$T$31,Data!$K$2:$K$31,"<>not applicable")))
A25: Poultry | B25: =(SUMIFS(Data!$S$2:$S$31,Data!$K$2:$K$31,"animal_core",Data!$G$2:$G$31,"poultry")+SUMIFS(Data!$T$2:$T$31,Data!$K$2:$K$31,"animal_core",Data!$G$2:$G$31,"poultry"))/1000 | C25: =IF((SUMIFS(Data!$S$2:$S$31,Data!$K$2:$K$31,"<>not applicable")+SUMIFS(Data!$T$2:$T$31,Data!$K$2:$K$31,"<>not applicable"))=0,"",B25*1000/(SUMIFS(Data!$S$2:$S$31,Data!$K$2:$K$31,"<>not applicable")+SUMIFS(Data!$T$2:$T$31,Data!$K$2:$K$31,"<>not applicable")))
A26: Fish and seafood | B26: =(SUMIFS(Data!$S$2:$S$31,Data!$K$2:$K$31,"animal_core",Data!$G$2:$G$31,"seafood")+SUMIFS(Data!$T$2:$T$31,Data!$K$2:$K$31,"animal_core",Data!$G$2:$G$31,"seafood"))/1000 | C26: =IF((SUMIFS(Data!$S$2:$S$31,Data!$K$2:$K$31,"<>not applicable")+SUMIFS(Data!$T$2:$T$31,Data!$K$2:$K$31,"<>not applicable"))=0,"",B26*1000/(SUMIFS(Data!$S$2:$S$31,Data!$K$2:$K$31,"<>not applicable")+SUMIFS(Data!$T$2:$T$31,Data!$K$2:$K$31,"<>not applicable")))
A27: Eggs | B27: =(SUMIFS(Data!$S$2:$S$31,Data!$K$2:$K$31,"animal_core",Data!$G$2:$G$31,"eggs")+SUMIFS(Data!$T$2:$T$31,Data!$K$2:$K$31,"animal_core",Data!$G$2:$G$31,"eggs"))/1000 | C27: =IF((SUMIFS(Data!$S$2:$S$31,Data!$K$2:$K$31,"<>not applicable")+SUMIFS(Data!$T$2:$T$31,Data!$K$2:$K$31,"<>not applicable"))=0,"",B27*1000/(SUMIFS(Data!$S$2:$S$31,Data!$K$2:$K$31,"<>not applicable")+SUMIFS(Data!$T$2:$T$31,Data!$K$2:$K$31,"<>not applicable")))
A28: Other animals (snails) | B28: =(SUMIFS(Data!$S$2:$S$31,Data!$K$2:$K$31,"animal_core",Data!$G$2:$G$31,"other_animal")+SUMIFS(Data!$T$2:$T$31,Data!$K$2:$K$31,"animal_core",Data!$G$2:$G$31,"other_animal"))/1000 | C28: =IF((SUMIFS(Data!$S$2:$S$31,Data!$K$2:$K$31,"<>not applicable")+SUMIFS(Data!$T$2:$T$31,Data!$K$2:$K$31,"<>not applicable"))=0,"",B28*1000/(SUMIFS(Data!$S$2:$S$31,Data!$K$2:$K$31,"<>not applicable")+SUMIFS(Data!$T$2:$T$31,Data!$K$2:$K$31,"<>not applicable")))
A29: Cheese | B29: =(SUMIFS(Data!$S$2:$S$31,Data!$K$2:$K$31,"animal_core",Data!$G$2:$G$31,"dairy_animal",Data!$AC$2:$AC$31,10)+SUMIFS(Data!$T$2:$T$31,Data!$K$2:$K$31,"animal_core",Data!$G$2:$G$31,"dairy_animal",Data!$AC$2:$AC$31,10))/1000 | C29: =IF((SUMIFS(Data!$S$2:$S$31,Data!$K$2:$K$31,"<>not applicable")+SUMIFS(Data!$T$2:$T$31,Data!$K$2:$K$31,"<>not applicable"))=0,"",B29*1000/(SUMIFS(Data!$S$2:$S$31,Data!$K$2:$K$31,"<>not applicable")+SUMIFS(Data!$T$2:$T$31,Data!$K$2:$K$31,"<>not applicable")))
A30: Milk, yoghurts and creams | B30: =(SUMIFS(Data!$S$2:$S$31,Data!$K$2:$K$31,"animal_core",Data!$G$2:$G$31,"dairy_animal",Data!$AC$2:$AC$31,1)+SUMIFS(Data!$T$2:$T$31,Data!$K$2:$K$31,"animal_core",Data!$G$2:$G$31,"dairy_animal",Data!$AC$2:$AC$31,1))/1000 | C30: =IF((SUMIFS(Data!$S$2:$S$31,Data!$K$2:$K$31,"<>not applicable")+SUMIFS(Data!$T$2:$T$31,Data!$K$2:$K$31,"<>not applicable"))=0,"",B30*1000/(SUMIFS(Data!$S$2:$S$31,Data!$K$2:$K$31,"<>not applicable")+SUMIFS(Data!$T$2:$T$31,Data!$K$2:$K$31,"<>not applicable")))
A31: Other | B31: =(SUMIFS(Data!$S$2:$S$31,Data!$K$2:$K$31,"animal_core")+SUMIFS(Data!$T$2:$T$31,Data!$K$2:$K$31,"animal_core"))/1000-SUM(B24:B30) | C31: =IF((SUMIFS(Data!$S$2:$S$31,Data!$K$2:$K$31,"<>not applicable")+SUMIFS(Data!$T$2:$T$31,Data!$K$2:$K$31,"<>not applicable"))=0,"",B31*1000/(SUMIFS(Data!$S$2:$S$31,Data!$K$2:$K$31,"<>not applicable")+SUMIFS(Data!$T$2:$T$31,Data!$K$2:$K$31,"<>not applicable")))
A32: Plant-based core
A33: Pulses | B33: =(SUMIFS(Data!$S$2:$S$31,Data!$K$2:$K$31,"plant_core",Data!$G$2:$G$31,"legumes")+SUMIFS(Data!$T$2:$T$31,Data!$K$2:$K$31,"plant_core",Data!$G$2:$G$31,"legumes"))/1000 | C33: =IF((SUMIFS(Data!$S$2:$S$31,Data!$K$2:$K$31,"<>not applicable")+SUMIFS(Data!$T$2:$T$31,Data!$K$2:$K$31,"<>not applicable"))=0,"",B33*1000/(SUMIFS(Data!$S$2:$S$31,Data!$K$2:$K$31,"<>not applicable")+SUMIFS(Data!$T$2:$T$31,Data!$K$2:$K$31,"<>not applicable")))
A34: Nuts | B34: =(SUMIFS(Data!$S$2:$S$31,Data!$K$2:$K$31,"plant_core",Data!$G$2:$G$31,"nuts")+SUMIFS(Data!$T$2:$T$31,Data!$K$2:$K$31,"plant_core",Data!$G$2:$G$31,"nuts"))/1000 | C34: =IF((SUMIFS(Data!$S$2:$S$31,Data!$K$2:$K$31,"<>not applicable")+SUMIFS(Data!$T$2:$T$31,Data!$K$2:$K$31,"<>not applicable"))=0,"",B34*1000/(SUMIFS(Data!$S$2:$S$31,Data!$K$2:$K$31,"<>not applicable")+SUMIFS(Data!$T$2:$T$31,Data!$K$2:$K$31,"<>not applicable")))
A35: Seeds | B35: =(SUMIFS(Data!$S$2:$S$31,Data!$K$2:$K$31,"plant_core",Data!$G$2:$G$31,"seeds")+SUMIFS(Data!$T$2:$T$31,Data!$K$2:$K$31,"plant_core",Data!$G$2:$G$31,"seeds"))/1000 | C35: =IF((SUMIFS(Data!$S$2:$S$31,Data!$K$2:$K$31,"<>not applicable")+SUMIFS(Data!$T$2:$T$31,Data!$K$2:$K$31,"<>not applicable"))=0,"",B35*1000/(SUMIFS(Data!$S$2:$S$31,Data!$K$2:$K$31,"<>not applicable")+SUMIFS(Data!$T$2:$T$31,Data!$K$2:$K$31,"<>not applicable")))
A36: Plant-based meat alternatives | B36: =(SUMIFS(Data!$S$2:$S$31,Data!$K$2:$K$31,"plant_core",Data!$G$2:$G$31,"meat_egg_seafood_alternatives")+SUMIFS(Data!$T$2:$T$31,Data!$K$2:$K$31,"plant_core",Data!$G$2:$G$31,"meat_egg_seafood_alternatives"))/1000 | C36: =IF((SUMIFS(Data!$S$2:$S$31,Data!$K$2:$K$31,"<>not applicable")+SUMIFS(Data!$T$2:$T$31,Data!$K$2:$K$31,"<>not applicable"))=0,"",B36*1000/(SUMIFS(Data!$S$2:$S$31,Data!$K$2:$K$31,"<>not applicable")+SUMIFS(Data!$T$2:$T$31,Data!$K$2:$K$31,"<>not applicable")))
A37: Tofu, tempeh, seitan | B37: =(SUMIFS(Data!$S$2:$S$31,Data!$K$2:$K$31,"plant_core",Data!$G$2:$G$31,"tofu_tempeh_seitan")+SUMIFS(Data!$T$2:$T$31,Data!$K$2:$K$31,"plant_core",Data!$G$2:$G$31,"tofu_tempeh_seitan"))/1000 | C37: =IF((SUMIFS(Data!$S$2:$S$31,Data!$K$2:$K$31,"<>not applicable")+SUMIFS(Data!$T$2:$T$31,Data!$K$2:$K$31,"<>not applicable"))=0,"",B37*1000/(SUMIFS(Data!$S$2:$S$31,Data!$K$2:$K$31,"<>not applicable")+SUMIFS(Data!$T$2:$T$31,Data!$K$2:$K$31,"<>not applicable")))
A38: Plant-based dairy alternatives | B38: =(SUMIFS(Data!$S$2:$S$31,Data!$K$2:$K$31,"plant_core",Data!$G$2:$G$31,"dairy_alternative_plant")+SUMIFS(Data!$T$2:$T$31,Data!$K$2:$K$31,"plant_core",Data!$G$2:$G$31,"dairy_alternative_plant"))/1000 | C38: =IF((SUMIFS(Data!$S$2:$S$31,Data!$K$2:$K$31,"<>not applicable")+SUMIFS(Data!$T$2:$T$31,Data!$K$2:$K$31,"<>not applicable"))=0,"",B38*1000/(SUMIFS(Data!$S$2:$S$31,Data!$K$2:$K$31,"<>not applicable")+SUMIFS(Data!$T$2:$T$31,Data!$K$2:$K$31,"<>not applicable")))
A39: Other | B39: =(SUMIFS(Data!$S$2:$S$31,Data!$K$2:$K$31,"plant_core")+SUMIFS(Data!$T$2:$T$31,Data!$K$2:$K$31,"plant_core"))/1000-SUM(B33:B38) | C39: =IF((SUMIFS(Data!$S$2:$S$31,Data!$K$2:$K$31,"<>not applicable")+SUMIFS(Data!$T$2:$T$31,Data!$K$2:$K$31,"<>not applicable"))=0,"",B39*1000/(SUMIFS(Data!$S$2:$S$31,Data!$K$2:$K$31,"<>not applicable")+SUMIFS(Data!$T$2:$T$31,Data!$K$2:$K$31,"<>not applicable")))
A40: Total | B40: =(SUMIFS(Data!$S$2:$S$31,Data!$K$2:$K$31,"<>not applicable")+SUMIFS(Data!$T$2:$T$31,Data!$K$2:$K$31,"<>not applicable"))/1000 | C40: =IF((SUMIFS(Data!$S$2:$S$31,Data!$K$2:$K$31,"<>not applicable")+SUMIFS(Data!$T$2:$T$31,Data!$K$2:$K$31,"<>not applicable"))=0,"",B40*1000/(SUMIFS(Data!$S$2:$S$31,Data!$K$2:$K$31,"<>not applicable")+SUMIFS(Data!$T$2:$T$31,Data!$K$2:$K$31,"<>not applicable")))
A43: MASS AND PLANT / ANIMAL SPLIT
A45: Class | B45: Mass (t) | C45: Protein (t) | D45: Plant protein (t) | E45: Animal protein (t) | F45: Plant share | G45: Animal share
A46: Plant core | B46: =SUMIFS(Data!$R$2:$R$31,Data!$K$2:$K$31,"plant_core")/1000 | C46: =D46+E46 | D46: =SUMIFS(Data!$S$2:$S$31,Data!$K$2:$K$31,"plant_core")/1000 | E46: =SUMIFS(Data!$T$2:$T$31,Data!$K$2:$K$31,"plant_core")/1000 | F46: =IF(C46=0,"",D46/C46) | G46: =IF(C46=0,"",E46/C46)
A47: Plant non-core | B47: =SUMIFS(Data!$R$2:$R$31,Data!$K$2:$K$31,"plant_non_core")/1000 | C47: =D47+E47 | D47: =SUMIFS(Data!$S$2:$S$31,Data!$K$2:$K$31,"plant_non_core")/1000 | E47: =SUMIFS(Data!$T$2:$T$31,Data!$K$2:$K$31,"plant_non_core")/1000 | F47: =IF(C47=0,"",D47/C47) | G47: =IF(C47=0,"",E47/C47)
A48: Animal-plant-based composite | B48: =SUMIFS(Data!$R$2:$R$31,Data!$K$2:$K$31,"animal-plant-based composite")/1000 | C48: =D48+E48 | D48: =SUMIFS(Data!$S$2:$S$31,Data!$K$2:$K$31,"animal-plant-based composite")/1000 | E48: =SUMIFS(Data!$T$2:$T$31,Data!$K$2:$K$31,"animal-plant-based composite")/1000 | F48: =IF(C48=0,"",D48/C48) | G48: =IF(C48=0,"",E48/C48)
A49: Animal core | B49: =SUMIFS(Data!$R$2:$R$31,Data!$K$2:$K$31,"animal_core")/1000 | C49: =D49+E49 | D49: =SUMIFS(Data!$S$2:$S$31,Data!$K$2:$K$31,"animal_core")/1000 | E49: =SUMIFS(Data!$T$2:$T$31,Data!$K$2:$K$31,"animal_core")/1000 | F49: =IF(C49=0,"",D49/C49) | G49: =IF(C49=0,"",E49/C49)
A50: Total | B50: =SUM(B46:B49) | C50: =SUM(C46:C49) | D50: =SUM(D46:D49) | E50: =SUM(E46:E49) | F50: =IF(C50=0,"",D50/C50) | G50: =IF(C50=0,"",E50/C50)
A52: Outside the scope
B53: Mass (t) | C53: Protein (t) | D53: Plant protein (t) | E53: Animal protein (t) | F53: Plant share | G53: Animal share
A54: outside scope · non-food | B54: =SUMIFS(Data!$R$2:$R$31,Data!$K$2:$K$31,"outside scope - non-food")/1000 | C54: =D54+E54 | D54: =SUMIFS(Data!$S$2:$S$31,Data!$K$2:$K$31,"outside scope - non-food")/1000 | E54: =SUMIFS(Data!$T$2:$T$31,Data!$K$2:$K$31,"outside scope - non-food")/1000 | F54: =IF(C54=0,"",D54/C54) | G54: =IF(C54=0,"",E54/C54)

Sheet WWF
A1: WWF PLANET-BASED DIETS · REPORT IN APPENDIX D FORMAT
A3: METHODOLOGY | B3: WWF Planet-Based Diets
A4: INPUT DATA | B4: Harbour Market catalogue, 30 products, volumes entered on the Welcome tab
A5: STEP | B5: Step 1 · product level
A7: WHOLE PRODUCTS
B9: Dairy equivalents · Retailer | F9: Product mass · Retailer | I9: Protein · Retailer
B10: Mass (t) | C10: Share | D10: PHD | F10: Mass (t) | G10: Share | I10: Protein (t) | J10: Share
A11: FOOD GROUP 1
A12: Plant-Based | B12: =(SUMIFS(Data!$AD$2:$AD$31,Data!$G$2:$G$31,"legumes") + SUMIFS(Data!$AD$2:$AD$31,Data!$G$2:$G$31,"nuts") + SUMIFS(Data!$AD$2:$AD$31,Data!$G$2:$G$31,"seeds") + SUMIFS(Data!$AD$2:$AD$31,Data!$G$2:$G$31,"meat_egg_seafood_alternatives") + SUMIFS(Data!$AD$2:$AD$31,Data!$G$2:$G$31,"tofu_tempeh_seitan"))/1000 | C12: =IF(SUMIFS(Data!$AD$2:$AD$31,Data!$I$2:$I$31,"No")=0,"",B12*1000/SUMIFS(Data!$AD$2:$AD$31,Data!$I$2:$I$31,"No")) | D12: 0.1 | F12: =(SUMIFS(Data!$R$2:$R$31,Data!$G$2:$G$31,"legumes") + SUMIFS(Data!$R$2:$R$31,Data!$G$2:$G$31,"nuts") + SUMIFS(Data!$R$2:$R$31,Data!$G$2:$G$31,"seeds") + SUMIFS(Data!$R$2:$R$31,Data!$G$2:$G$31,"meat_egg_seafood_alternatives") + SUMIFS(Data!$R$2:$R$31,Data!$G$2:$G$31,"tofu_tempeh_seitan"))/1000 | G12: =IF(SUMIFS(Data!$R$2:$R$31,Data!$I$2:$I$31,"No")=0,"",F12*1000/SUMIFS(Data!$R$2:$R$31,Data!$I$2:$I$31,"No")) | I12: =(SUMIFS(Data!$S$2:$S$31,Data!$G$2:$G$31,"legumes")+SUMIFS(Data!$T$2:$T$31,Data!$G$2:$G$31,"legumes") + SUMIFS(Data!$S$2:$S$31,Data!$G$2:$G$31,"nuts")+SUMIFS(Data!$T$2:$T$31,Data!$G$2:$G$31,"nuts") + SUMIFS(Data!$S$2:$S$31,Data!$G$2:$G$31,"seeds")+SUMIFS(Data!$T$2:$T$31,Data!$G$2:$G$31,"seeds") + SUMIFS(Data!$S$2:$S$31,Data!$G$2:$G$31,"meat_egg_seafood_alternatives")+SUMIFS(Data!$T$2:$T$31,Data!$G$2:$G$31,"meat_egg_seafood_alternatives") + SUMIFS(Data!$S$2:$S$31,Data!$G$2:$G$31,"tofu_tempeh_seitan")+SUMIFS(Data!$T$2:$T$31,Data!$G$2:$G$31,"tofu_tempeh_seitan"))/1000 | J12: =IF((SUMIFS(Data!$S$2:$S$31,Data!$I$2:$I$31,"No")+SUMIFS(Data!$T$2:$T$31,Data!$I$2:$I$31,"No"))=0,"",I12*1000/(SUMIFS(Data!$S$2:$S$31,Data!$I$2:$I$31,"No")+SUMIFS(Data!$T$2:$T$31,Data!$I$2:$I$31,"No")))
A13: Pulses | B13: =(SUMIFS(Data!$AD$2:$AD$31,Data!$G$2:$G$31,"legumes"))/1000 | C13: =IF(SUMIFS(Data!$AD$2:$AD$31,Data!$I$2:$I$31,"No")=0,"",B13*1000/SUMIFS(Data!$AD$2:$AD$31,Data!$I$2:$I$31,"No")) | D13: N/A | F13: =(SUMIFS(Data!$R$2:$R$31,Data!$G$2:$G$31,"legumes"))/1000 | G13: =IF(SUMIFS(Data!$R$2:$R$31,Data!$I$2:$I$31,"No")=0,"",F13*1000/SUMIFS(Data!$R$2:$R$31,Data!$I$2:$I$31,"No")) | I13: =(SUMIFS(Data!$S$2:$S$31,Data!$G$2:$G$31,"legumes")+SUMIFS(Data!$T$2:$T$31,Data!$G$2:$G$31,"legumes"))/1000 | J13: =IF((SUMIFS(Data!$S$2:$S$31,Data!$I$2:$I$31,"No")+SUMIFS(Data!$T$2:$T$31,Data!$I$2:$I$31,"No"))=0,"",I13*1000/(SUMIFS(Data!$S$2:$S$31,Data!$I$2:$I$31,"No")+SUMIFS(Data!$T$2:$T$31,Data!$I$2:$I$31,"No")))
A14: Nuts | B14: =(SUMIFS(Data!$AD$2:$AD$31,Data!$G$2:$G$31,"nuts"))/1000 | C14: =IF(SUMIFS(Data!$AD$2:$AD$31,Data!$I$2:$I$31,"No")=0,"",B14*1000/SUMIFS(Data!$AD$2:$AD$31,Data!$I$2:$I$31,"No")) | D14: N/A | F14: =(SUMIFS(Data!$R$2:$R$31,Data!$G$2:$G$31,"nuts"))/1000 | G14: =IF(SUMIFS(Data!$R$2:$R$31,Data!$I$2:$I$31,"No")=0,"",F14*1000/SUMIFS(Data!$R$2:$R$31,Data!$I$2:$I$31,"No")) | I14: =(SUMIFS(Data!$S$2:$S$31,Data!$G$2:$G$31,"nuts")+SUMIFS(Data!$T$2:$T$31,Data!$G$2:$G$31,"nuts"))/1000 | J14: =IF((SUMIFS(Data!$S$2:$S$31,Data!$I$2:$I$31,"No")+SUMIFS(Data!$T$2:$T$31,Data!$I$2:$I$31,"No"))=0,"",I14*1000/(SUMIFS(Data!$S$2:$S$31,Data!$I$2:$I$31,"No")+SUMIFS(Data!$T$2:$T$31,Data!$I$2:$I$31,"No")))
A15: Seeds | B15: =(SUMIFS(Data!$AD$2:$AD$31,Data!$G$2:$G$31,"seeds"))/1000 | C15: =IF(SUMIFS(Data!$AD$2:$AD$31,Data!$I$2:$I$31,"No")=0,"",B15*1000/SUMIFS(Data!$AD$2:$AD$31,Data!$I$2:$I$31,"No")) | D15: N/A | F15: =(SUMIFS(Data!$R$2:$R$31,Data!$G$2:$G$31,"seeds"))/1000 | G15: =IF(SUMIFS(Data!$R$2:$R$31,Data!$I$2:$I$31,"No")=0,"",F15*1000/SUMIFS(Data!$R$2:$R$31,Data!$I$2:$I$31,"No")) | I15: =(SUMIFS(Data!$S$2:$S$31,Data!$G$2:$G$31,"seeds")+SUMIFS(Data!$T$2:$T$31,Data!$G$2:$G$31,"seeds"))/1000 | J15: =IF((SUMIFS(Data!$S$2:$S$31,Data!$I$2:$I$31,"No")+SUMIFS(Data!$T$2:$T$31,Data!$I$2:$I$31,"No"))=0,"",I15*1000/(SUMIFS(Data!$S$2:$S$31,Data!$I$2:$I$31,"No")+SUMIFS(Data!$T$2:$T$31,Data!$I$2:$I$31,"No")))
A16: Alternative Products | B16: =(SUMIFS(Data!$AD$2:$AD$31,Data!$G$2:$G$31,"meat_egg_seafood_alternatives"))/1000 | C16: =IF(SUMIFS(Data!$AD$2:$AD$31,Data!$I$2:$I$31,"No")=0,"",B16*1000/SUMIFS(Data!$AD$2:$AD$31,Data!$I$2:$I$31,"No")) | D16: N/A | F16: =(SUMIFS(Data!$R$2:$R$31,Data!$G$2:$G$31,"meat_egg_seafood_alternatives"))/1000 | G16: =IF(SUMIFS(Data!$R$2:$R$31,Data!$I$2:$I$31,"No")=0,"",F16*1000/SUMIFS(Data!$R$2:$R$31,Data!$I$2:$I$31,"No")) | I16: =(SUMIFS(Data!$S$2:$S$31,Data!$G$2:$G$31,"meat_egg_seafood_alternatives")+SUMIFS(Data!$T$2:$T$31,Data!$G$2:$G$31,"meat_egg_seafood_alternatives"))/1000 | J16: =IF((SUMIFS(Data!$S$2:$S$31,Data!$I$2:$I$31,"No")+SUMIFS(Data!$T$2:$T$31,Data!$I$2:$I$31,"No"))=0,"",I16*1000/(SUMIFS(Data!$S$2:$S$31,Data!$I$2:$I$31,"No")+SUMIFS(Data!$T$2:$T$31,Data!$I$2:$I$31,"No")))
A17: Tofu, tempeh & seitan | B17: =(SUMIFS(Data!$AD$2:$AD$31,Data!$G$2:$G$31,"tofu_tempeh_seitan"))/1000 | C17: =IF(SUMIFS(Data!$AD$2:$AD$31,Data!$I$2:$I$31,"No")=0,"",B17*1000/SUMIFS(Data!$AD$2:$AD$31,Data!$I$2:$I$31,"No")) | D17: N/A | F17: =(SUMIFS(Data!$R$2:$R$31,Data!$G$2:$G$31,"tofu_tempeh_seitan"))/1000 | G17: =IF(SUMIFS(Data!$R$2:$R$31,Data!$I$2:$I$31,"No")=0,"",F17*1000/SUMIFS(Data!$R$2:$R$31,Data!$I$2:$I$31,"No")) | I17: =(SUMIFS(Data!$S$2:$S$31,Data!$G$2:$G$31,"tofu_tempeh_seitan")+SUMIFS(Data!$T$2:$T$31,Data!$G$2:$G$31,"tofu_tempeh_seitan"))/1000 | J17: =IF((SUMIFS(Data!$S$2:$S$31,Data!$I$2:$I$31,"No")+SUMIFS(Data!$T$2:$T$31,Data!$I$2:$I$31,"No"))=0,"",I17*1000/(SUMIFS(Data!$S$2:$S$31,Data!$I$2:$I$31,"No")+SUMIFS(Data!$T$2:$T$31,Data!$I$2:$I$31,"No")))
A18: Animal-Based | B18: =(SUMIFS(Data!$AD$2:$AD$31,Data!$G$2:$G$31,"red_meat") + SUMIFS(Data!$AD$2:$AD$31,Data!$G$2:$G$31,"poultry") + SUMIFS(Data!$AD$2:$AD$31,Data!$G$2:$G$31,"seafood") + SUMIFS(Data!$AD$2:$AD$31,Data!$G$2:$G$31,"eggs") + SUMIFS(Data!$AD$2:$AD$31,Data!$G$2:$G$31,"other_animal"))/1000 | C18: =IF(SUMIFS(Data!$AD$2:$AD$31,Data!$I$2:$I$31,"No")=0,"",B18*1000/SUMIFS(Data!$AD$2:$AD$31,Data!$I$2:$I$31,"No")) | D18: 0.06 | F18: =(SUMIFS(Data!$R$2:$R$31,Data!$G$2:$G$31,"red_meat") + SUMIFS(Data!$R$2:$R$31,Data!$G$2:$G$31,"poultry") + SUMIFS(Data!$R$2:$R$31,Data!$G$2:$G$31,"seafood") + SUMIFS(Data!$R$2:$R$31,Data!$G$2:$G$31,"eggs") + SUMIFS(Data!$R$2:$R$31,Data!$G$2:$G$31,"other_animal"))/1000 | G18: =IF(SUMIFS(Data!$R$2:$R$31,Data!$I$2:$I$31,"No")=0,"",F18*1000/SUMIFS(Data!$R$2:$R$31,Data!$I$2:$I$31,"No")) | I18: =(SUMIFS(Data!$S$2:$S$31,Data!$G$2:$G$31,"red_meat")+SUMIFS(Data!$T$2:$T$31,Data!$G$2:$G$31,"red_meat") + SUMIFS(Data!$S$2:$S$31,Data!$G$2:$G$31,"poultry")+SUMIFS(Data!$T$2:$T$31,Data!$G$2:$G$31,"poultry") + SUMIFS(Data!$S$2:$S$31,Data!$G$2:$G$31,"seafood")+SUMIFS(Data!$T$2:$T$31,Data!$G$2:$G$31,"seafood") + SUMIFS(Data!$S$2:$S$31,Data!$G$2:$G$31,"eggs")+SUMIFS(Data!$T$2:$T$31,Data!$G$2:$G$31,"eggs") + SUMIFS(Data!$S$2:$S$31,Data!$G$2:$G$31,"other_animal")+SUMIFS(Data!$T$2:$T$31,Data!$G$2:$G$31,"other_animal"))/1000 | J18: =IF((SUMIFS(Data!$S$2:$S$31,Data!$I$2:$I$31,"No")+SUMIFS(Data!$T$2:$T$31,Data!$I$2:$I$31,"No"))=0,"",I18*1000/(SUMIFS(Data!$S$2:$S$31,Data!$I$2:$I$31,"No")+SUMIFS(Data!$T$2:$T$31,Data!$I$2:$I$31,"No")))
A19: Red meat | B19: =(SUMIFS(Data!$AD$2:$AD$31,Data!$G$2:$G$31,"red_meat"))/1000 | C19: =IF(SUMIFS(Data!$AD$2:$AD$31,Data!$I$2:$I$31,"No")=0,"",B19*1000/SUMIFS(Data!$AD$2:$AD$31,Data!$I$2:$I$31,"No")) | D19: N/A | F19: =(SUMIFS(Data!$R$2:$R$31,Data!$G$2:$G$31,"red_meat"))/1000 | G19: =IF(SUMIFS(Data!$R$2:$R$31,Data!$I$2:$I$31,"No")=0,"",F19*1000/SUMIFS(Data!$R$2:$R$31,Data!$I$2:$I$31,"No")) | I19: =(SUMIFS(Data!$S$2:$S$31,Data!$G$2:$G$31,"red_meat")+SUMIFS(Data!$T$2:$T$31,Data!$G$2:$G$31,"red_meat"))/1000 | J19: =IF((SUMIFS(Data!$S$2:$S$31,Data!$I$2:$I$31,"No")+SUMIFS(Data!$T$2:$T$31,Data!$I$2:$I$31,"No"))=0,"",I19*1000/(SUMIFS(Data!$S$2:$S$31,Data!$I$2:$I$31,"No")+SUMIFS(Data!$T$2:$T$31,Data!$I$2:$I$31,"No")))
A20: Poultry | B20: =(SUMIFS(Data!$AD$2:$AD$31,Data!$G$2:$G$31,"poultry"))/1000 | C20: =IF(SUMIFS(Data!$AD$2:$AD$31,Data!$I$2:$I$31,"No")=0,"",B20*1000/SUMIFS(Data!$AD$2:$AD$31,Data!$I$2:$I$31,"No")) | D20: N/A | F20: =(SUMIFS(Data!$R$2:$R$31,Data!$G$2:$G$31,"poultry"))/1000 | G20: =IF(SUMIFS(Data!$R$2:$R$31,Data!$I$2:$I$31,"No")=0,"",F20*1000/SUMIFS(Data!$R$2:$R$31,Data!$I$2:$I$31,"No")) | I20: =(SUMIFS(Data!$S$2:$S$31,Data!$G$2:$G$31,"poultry")+SUMIFS(Data!$T$2:$T$31,Data!$G$2:$G$31,"poultry"))/1000 | J20: =IF((SUMIFS(Data!$S$2:$S$31,Data!$I$2:$I$31,"No")+SUMIFS(Data!$T$2:$T$31,Data!$I$2:$I$31,"No"))=0,"",I20*1000/(SUMIFS(Data!$S$2:$S$31,Data!$I$2:$I$31,"No")+SUMIFS(Data!$T$2:$T$31,Data!$I$2:$I$31,"No")))
A21: Fish & Shellfish | B21: =(SUMIFS(Data!$AD$2:$AD$31,Data!$G$2:$G$31,"seafood"))/1000 | C21: =IF(SUMIFS(Data!$AD$2:$AD$31,Data!$I$2:$I$31,"No")=0,"",B21*1000/SUMIFS(Data!$AD$2:$AD$31,Data!$I$2:$I$31,"No")) | D21: N/A | F21: =(SUMIFS(Data!$R$2:$R$31,Data!$G$2:$G$31,"seafood"))/1000 | G21: =IF(SUMIFS(Data!$R$2:$R$31,Data!$I$2:$I$31,"No")=0,"",F21*1000/SUMIFS(Data!$R$2:$R$31,Data!$I$2:$I$31,"No")) | I21: =(SUMIFS(Data!$S$2:$S$31,Data!$G$2:$G$31,"seafood")+SUMIFS(Data!$T$2:$T$31,Data!$G$2:$G$31,"seafood"))/1000 | J21: =IF((SUMIFS(Data!$S$2:$S$31,Data!$I$2:$I$31,"No")+SUMIFS(Data!$T$2:$T$31,Data!$I$2:$I$31,"No"))=0,"",I21*1000/(SUMIFS(Data!$S$2:$S$31,Data!$I$2:$I$31,"No")+SUMIFS(Data!$T$2:$T$31,Data!$I$2:$I$31,"No")))
A22: Eggs | B22: =(SUMIFS(Data!$AD$2:$AD$31,Data!$G$2:$G$31,"eggs"))/1000 | C22: =IF(SUMIFS(Data!$AD$2:$AD$31,Data!$I$2:$I$31,"No")=0,"",B22*1000/SUMIFS(Data!$AD$2:$AD$31,Data!$I$2:$I$31,"No")) | D22: N/A | F22: =(SUMIFS(Data!$R$2:$R$31,Data!$G$2:$G$31,"eggs"))/1000 | G22: =IF(SUMIFS(Data!$R$2:$R$31,Data!$I$2:$I$31,"No")=0,"",F22*1000/SUMIFS(Data!$R$2:$R$31,Data!$I$2:$I$31,"No")) | I22: =(SUMIFS(Data!$S$2:$S$31,Data!$G$2:$G$31,"eggs")+SUMIFS(Data!$T$2:$T$31,Data!$G$2:$G$31,"eggs"))/1000 | J22: =IF((SUMIFS(Data!$S$2:$S$31,Data!$I$2:$I$31,"No")+SUMIFS(Data!$T$2:$T$31,Data!$I$2:$I$31,"No"))=0,"",I22*1000/(SUMIFS(Data!$S$2:$S$31,Data!$I$2:$I$31,"No")+SUMIFS(Data!$T$2:$T$31,Data!$I$2:$I$31,"No")))
A23: Other (e.g. snails) | B23: =(SUMIFS(Data!$AD$2:$AD$31,Data!$G$2:$G$31,"other_animal"))/1000 | C23: =IF(SUMIFS(Data!$AD$2:$AD$31,Data!$I$2:$I$31,"No")=0,"",B23*1000/SUMIFS(Data!$AD$2:$AD$31,Data!$I$2:$I$31,"No")) | D23: N/A | F23: =(SUMIFS(Data!$R$2:$R$31,Data!$G$2:$G$31,"other_animal"))/1000 | G23: =IF(SUMIFS(Data!$R$2:$R$31,Data!$I$2:$I$31,"No")=0,"",F23*1000/SUMIFS(Data!$R$2:$R$31,Data!$I$2:$I$31,"No")) | I23: =(SUMIFS(Data!$S$2:$S$31,Data!$G$2:$G$31,"other_animal")+SUMIFS(Data!$T$2:$T$31,Data!$G$2:$G$31,"other_animal"))/1000 | J23: =IF((SUMIFS(Data!$S$2:$S$31,Data!$I$2:$I$31,"No")+SUMIFS(Data!$T$2:$T$31,Data!$I$2:$I$31,"No"))=0,"",I23*1000/(SUMIFS(Data!$S$2:$S$31,Data!$I$2:$I$31,"No")+SUMIFS(Data!$T$2:$T$31,Data!$I$2:$I$31,"No")))
A24: FOOD GROUP 2
A25: Dairy | B25: =(SUMIFS(Data!$AD$2:$AD$31,Data!$G$2:$G$31,"dairy_animal"))/1000 | C25: =IF(SUMIFS(Data!$AD$2:$AD$31,Data!$I$2:$I$31,"No")=0,"",B25*1000/SUMIFS(Data!$AD$2:$AD$31,Data!$I$2:$I$31,"No")) | D25: 0.19 | F25: =(SUMIFS(Data!$R$2:$R$31,Data!$G$2:$G$31,"dairy_animal"))/1000 | G25: =IF(SUMIFS(Data!$R$2:$R$31,Data!$I$2:$I$31,"No")=0,"",F25*1000/SUMIFS(Data!$R$2:$R$31,Data!$I$2:$I$31,"No")) | I25: =(SUMIFS(Data!$S$2:$S$31,Data!$G$2:$G$31,"dairy_animal")+SUMIFS(Data!$T$2:$T$31,Data!$G$2:$G$31,"dairy_animal"))/1000 | J25: =IF((SUMIFS(Data!$S$2:$S$31,Data!$I$2:$I$31,"No")+SUMIFS(Data!$T$2:$T$31,Data!$I$2:$I$31,"No"))=0,"",I25*1000/(SUMIFS(Data!$S$2:$S$31,Data!$I$2:$I$31,"No")+SUMIFS(Data!$T$2:$T$31,Data!$I$2:$I$31,"No")))
A26: Dairy Alternatives | B26: =(SUMIFS(Data!$AD$2:$AD$31,Data!$G$2:$G$31,"dairy_alternative_plant"))/1000 | C26: =IF(SUMIFS(Data!$AD$2:$AD$31,Data!$I$2:$I$31,"No")=0,"",B26*1000/SUMIFS(Data!$AD$2:$AD$31,Data!$I$2:$I$31,"No")) | D26: N/A | F26: =(SUMIFS(Data!$R$2:$R$31,Data!$G$2:$G$31,"dairy_alternative_plant"))/1000 | G26: =IF(SUMIFS(Data!$R$2:$R$31,Data!$I$2:$I$31,"No")=0,"",F26*1000/SUMIFS(Data!$R$2:$R$31,Data!$I$2:$I$31,"No")) | I26: =(SUMIFS(Data!$S$2:$S$31,Data!$G$2:$G$31,"dairy_alternative_plant")+SUMIFS(Data!$T$2:$T$31,Data!$G$2:$G$31,"dairy_alternative_plant"))/1000 | J26: =IF((SUMIFS(Data!$S$2:$S$31,Data!$I$2:$I$31,"No")+SUMIFS(Data!$T$2:$T$31,Data!$I$2:$I$31,"No"))=0,"",I26*1000/(SUMIFS(Data!$S$2:$S$31,Data!$I$2:$I$31,"No")+SUMIFS(Data!$T$2:$T$31,Data!$I$2:$I$31,"No")))
A27: FOOD GROUP 3
A28: Animal-Based Fats | B28: =(SUMIFS(Data!$AD$2:$AD$31,Data!$G$2:$G$31,"animal_based_fat"))/1000 | C28: =IF(SUMIFS(Data!$AD$2:$AD$31,Data!$I$2:$I$31,"No")=0,"",B28*1000/SUMIFS(Data!$AD$2:$AD$31,Data!$I$2:$I$31,"No")) | D28: 0.01 | F28: =(SUMIFS(Data!$R$2:$R$31,Data!$G$2:$G$31,"animal_based_fat"))/1000 | G28: =IF(SUMIFS(Data!$R$2:$R$31,Data!$I$2:$I$31,"No")=0,"",F28*1000/SUMIFS(Data!$R$2:$R$31,Data!$I$2:$I$31,"No")) | I28: =(SUMIFS(Data!$S$2:$S$31,Data!$G$2:$G$31,"animal_based_fat")+SUMIFS(Data!$T$2:$T$31,Data!$G$2:$G$31,"animal_based_fat"))/1000 | J28: =IF((SUMIFS(Data!$S$2:$S$31,Data!$I$2:$I$31,"No")+SUMIFS(Data!$T$2:$T$31,Data!$I$2:$I$31,"No"))=0,"",I28*1000/(SUMIFS(Data!$S$2:$S$31,Data!$I$2:$I$31,"No")+SUMIFS(Data!$T$2:$T$31,Data!$I$2:$I$31,"No")))
A29: Plant-Based Fats | B29: =(SUMIFS(Data!$AD$2:$AD$31,Data!$G$2:$G$31,"plant_based_fat"))/1000 | C29: =IF(SUMIFS(Data!$AD$2:$AD$31,Data!$I$2:$I$31,"No")=0,"",B29*1000/SUMIFS(Data!$AD$2:$AD$31,Data!$I$2:$I$31,"No")) | D29: 0.03 | F29: =(SUMIFS(Data!$R$2:$R$31,Data!$G$2:$G$31,"plant_based_fat"))/1000 | G29: =IF(SUMIFS(Data!$R$2:$R$31,Data!$I$2:$I$31,"No")=0,"",F29*1000/SUMIFS(Data!$R$2:$R$31,Data!$I$2:$I$31,"No")) | I29: =(SUMIFS(Data!$S$2:$S$31,Data!$G$2:$G$31,"plant_based_fat")+SUMIFS(Data!$T$2:$T$31,Data!$G$2:$G$31,"plant_based_fat"))/1000 | J29: =IF((SUMIFS(Data!$S$2:$S$31,Data!$I$2:$I$31,"No")+SUMIFS(Data!$T$2:$T$31,Data!$I$2:$I$31,"No"))=0,"",I29*1000/(SUMIFS(Data!$S$2:$S$31,Data!$I$2:$I$31,"No")+SUMIFS(Data!$T$2:$T$31,Data!$I$2:$I$31,"No")))
A30: FOOD GROUP 4
A31: Fruits & Vegetables | B31: =(SUMIFS(Data!$AD$2:$AD$31,Data!$F$2:$F$31,"FG4"))/1000 | C31: =IF(SUMIFS(Data!$AD$2:$AD$31,Data!$I$2:$I$31,"No")=0,"",B31*1000/SUMIFS(Data!$AD$2:$AD$31,Data!$I$2:$I$31,"No")) | D31: 0.38 | F31: =(SUMIFS(Data!$R$2:$R$31,Data!$F$2:$F$31,"FG4"))/1000 | G31: =IF(SUMIFS(Data!$R$2:$R$31,Data!$I$2:$I$31,"No")=0,"",F31*1000/SUMIFS(Data!$R$2:$R$31,Data!$I$2:$I$31,"No")) | I31: =(SUMIFS(Data!$S$2:$S$31,Data!$F$2:$F$31,"FG4")+SUMIFS(Data!$T$2:$T$31,Data!$F$2:$F$31,"FG4"))/1000 | J31: =IF((SUMIFS(Data!$S$2:$S$31,Data!$I$2:$I$31,"No")+SUMIFS(Data!$T$2:$T$31,Data!$I$2:$I$31,"No"))=0,"",I31*1000/(SUMIFS(Data!$S$2:$S$31,Data!$I$2:$I$31,"No")+SUMIFS(Data!$T$2:$T$31,Data!$I$2:$I$31,"No")))
A32: FOOD GROUP 5
A33: Whole Grains | B33: =(SUMIFS(Data!$AD$2:$AD$31,Data!$G$2:$G$31,"whole_grain"))/1000 | C33: =IF(SUMIFS(Data!$AD$2:$AD$31,Data!$I$2:$I$31,"No")=0,"",B33*1000/SUMIFS(Data!$AD$2:$AD$31,Data!$I$2:$I$31,"No")) | D33: 0.18 | F33: =(SUMIFS(Data!$R$2:$R$31,Data!$G$2:$G$31,"whole_grain"))/1000 | G33: =IF(SUMIFS(Data!$R$2:$R$31,Data!$I$2:$I$31,"No")=0,"",F33*1000/SUMIFS(Data!$R$2:$R$31,Data!$I$2:$I$31,"No")) | I33: =(SUMIFS(Data!$S$2:$S$31,Data!$G$2:$G$31,"whole_grain")+SUMIFS(Data!$T$2:$T$31,Data!$G$2:$G$31,"whole_grain"))/1000 | J33: =IF((SUMIFS(Data!$S$2:$S$31,Data!$I$2:$I$31,"No")+SUMIFS(Data!$T$2:$T$31,Data!$I$2:$I$31,"No"))=0,"",I33*1000/(SUMIFS(Data!$S$2:$S$31,Data!$I$2:$I$31,"No")+SUMIFS(Data!$T$2:$T$31,Data!$I$2:$I$31,"No")))
A34: Refined Grains | B34: =(SUMIFS(Data!$AD$2:$AD$31,Data!$G$2:$G$31,"refined_grain"))/1000 | C34: =IF(SUMIFS(Data!$AD$2:$AD$31,Data!$I$2:$I$31,"No")=0,"",B34*1000/SUMIFS(Data!$AD$2:$AD$31,Data!$I$2:$I$31,"No")) | D34: 0 | F34: =(SUMIFS(Data!$R$2:$R$31,Data!$G$2:$G$31,"refined_grain"))/1000 | G34: =IF(SUMIFS(Data!$R$2:$R$31,Data!$I$2:$I$31,"No")=0,"",F34*1000/SUMIFS(Data!$R$2:$R$31,Data!$I$2:$I$31,"No")) | I34: =(SUMIFS(Data!$S$2:$S$31,Data!$G$2:$G$31,"refined_grain")+SUMIFS(Data!$T$2:$T$31,Data!$G$2:$G$31,"refined_grain"))/1000 | J34: =IF((SUMIFS(Data!$S$2:$S$31,Data!$I$2:$I$31,"No")+SUMIFS(Data!$T$2:$T$31,Data!$I$2:$I$31,"No"))=0,"",I34*1000/(SUMIFS(Data!$S$2:$S$31,Data!$I$2:$I$31,"No")+SUMIFS(Data!$T$2:$T$31,Data!$I$2:$I$31,"No")))
A35: FOOD GROUP 6
A36: Starchy Vegetables | B36: =(SUMIFS(Data!$AD$2:$AD$31,Data!$F$2:$F$31,"FG6"))/1000 | C36: =IF(SUMIFS(Data!$AD$2:$AD$31,Data!$I$2:$I$31,"No")=0,"",B36*1000/SUMIFS(Data!$AD$2:$AD$31,Data!$I$2:$I$31,"No")) | D36: 0.04 | F36: =(SUMIFS(Data!$R$2:$R$31,Data!$F$2:$F$31,"FG6"))/1000 | G36: =IF(SUMIFS(Data!$R$2:$R$31,Data!$I$2:$I$31,"No")=0,"",F36*1000/SUMIFS(Data!$R$2:$R$31,Data!$I$2:$I$31,"No")) | I36: =(SUMIFS(Data!$S$2:$S$31,Data!$F$2:$F$31,"FG6")+SUMIFS(Data!$T$2:$T$31,Data!$F$2:$F$31,"FG6"))/1000 | J36: =IF((SUMIFS(Data!$S$2:$S$31,Data!$I$2:$I$31,"No")+SUMIFS(Data!$T$2:$T$31,Data!$I$2:$I$31,"No"))=0,"",I36*1000/(SUMIFS(Data!$S$2:$S$31,Data!$I$2:$I$31,"No")+SUMIFS(Data!$T$2:$T$31,Data!$I$2:$I$31,"No")))
A37: FOOD GROUP 7
A38: Plant-Based | B38: =(SUMIFS(Data!$AD$2:$AD$31,Data!$F$2:$F$31,"FG7",Data!$H$2:$H$31,"plant_based"))/1000 | C38: =IF(SUMIFS(Data!$AD$2:$AD$31,Data!$I$2:$I$31,"No")=0,"",B38*1000/SUMIFS(Data!$AD$2:$AD$31,Data!$I$2:$I$31,"No")) | D38: N/A | F38: =(SUMIFS(Data!$R$2:$R$31,Data!$F$2:$F$31,"FG7",Data!$H$2:$H$31,"plant_based"))/1000 | G38: =IF(SUMIFS(Data!$R$2:$R$31,Data!$I$2:$I$31,"No")=0,"",F38*1000/SUMIFS(Data!$R$2:$R$31,Data!$I$2:$I$31,"No")) | I38: =(SUMIFS(Data!$S$2:$S$31,Data!$F$2:$F$31,"FG7",Data!$H$2:$H$31,"plant_based")+SUMIFS(Data!$T$2:$T$31,Data!$F$2:$F$31,"FG7",Data!$H$2:$H$31,"plant_based"))/1000 | J38: =IF((SUMIFS(Data!$S$2:$S$31,Data!$I$2:$I$31,"No")+SUMIFS(Data!$T$2:$T$31,Data!$I$2:$I$31,"No"))=0,"",I38*1000/(SUMIFS(Data!$S$2:$S$31,Data!$I$2:$I$31,"No")+SUMIFS(Data!$T$2:$T$31,Data!$I$2:$I$31,"No")))
A39: Animal-Based | B39: =(SUMIFS(Data!$AD$2:$AD$31,Data!$F$2:$F$31,"FG7",Data!$H$2:$H$31,"animal_based"))/1000 | C39: =IF(SUMIFS(Data!$AD$2:$AD$31,Data!$I$2:$I$31,"No")=0,"",B39*1000/SUMIFS(Data!$AD$2:$AD$31,Data!$I$2:$I$31,"No")) | D39: N/A | F39: =(SUMIFS(Data!$R$2:$R$31,Data!$F$2:$F$31,"FG7",Data!$H$2:$H$31,"animal_based"))/1000 | G39: =IF(SUMIFS(Data!$R$2:$R$31,Data!$I$2:$I$31,"No")=0,"",F39*1000/SUMIFS(Data!$R$2:$R$31,Data!$I$2:$I$31,"No")) | I39: =(SUMIFS(Data!$S$2:$S$31,Data!$F$2:$F$31,"FG7",Data!$H$2:$H$31,"animal_based")+SUMIFS(Data!$T$2:$T$31,Data!$F$2:$F$31,"FG7",Data!$H$2:$H$31,"animal_based"))/1000 | J39: =IF((SUMIFS(Data!$S$2:$S$31,Data!$I$2:$I$31,"No")+SUMIFS(Data!$T$2:$T$31,Data!$I$2:$I$31,"No"))=0,"",I39*1000/(SUMIFS(Data!$S$2:$S$31,Data!$I$2:$I$31,"No")+SUMIFS(Data!$T$2:$T$31,Data!$I$2:$I$31,"No")))
A40: Origin not determined | B40: =(SUMIFS(Data!$AD$2:$AD$31,Data!$F$2:$F$31,"FG7",Data!$H$2:$H$31,"not applicable"))/1000 | C40: =IF(SUMIFS(Data!$AD$2:$AD$31,Data!$I$2:$I$31,"No")=0,"",B40*1000/SUMIFS(Data!$AD$2:$AD$31,Data!$I$2:$I$31,"No")) | D40: N/A | F40: =(SUMIFS(Data!$R$2:$R$31,Data!$F$2:$F$31,"FG7",Data!$H$2:$H$31,"not applicable"))/1000 | G40: =IF(SUMIFS(Data!$R$2:$R$31,Data!$I$2:$I$31,"No")=0,"",F40*1000/SUMIFS(Data!$R$2:$R$31,Data!$I$2:$I$31,"No")) | I40: =(SUMIFS(Data!$S$2:$S$31,Data!$F$2:$F$31,"FG7",Data!$H$2:$H$31,"not applicable")+SUMIFS(Data!$T$2:$T$31,Data!$F$2:$F$31,"FG7",Data!$H$2:$H$31,"not applicable"))/1000 | J40: =IF((SUMIFS(Data!$S$2:$S$31,Data!$I$2:$I$31,"No")+SUMIFS(Data!$T$2:$T$31,Data!$I$2:$I$31,"No"))=0,"",I40*1000/(SUMIFS(Data!$S$2:$S$31,Data!$I$2:$I$31,"No")+SUMIFS(Data!$T$2:$T$31,Data!$I$2:$I$31,"No")))
A42: FOOD GROUP 1 PROPORTION BY SOURCE
A43: Plant | C43: =IF(((SUMIFS(Data!$AD$2:$AD$31,Data!$G$2:$G$31,"legumes") + SUMIFS(Data!$AD$2:$AD$31,Data!$G$2:$G$31,"nuts") + SUMIFS(Data!$AD$2:$AD$31,Data!$G$2:$G$31,"seeds") + SUMIFS(Data!$AD$2:$AD$31,Data!$G$2:$G$31,"meat_egg_seafood_alternatives") + SUMIFS(Data!$AD$2:$AD$31,Data!$G$2:$G$31,"tofu_tempeh_seitan"))+(SUMIFS(Data!$AD$2:$AD$31,Data!$G$2:$G$31,"red_meat") + SUMIFS(Data!$AD$2:$AD$31,Data!$G$2:$G$31,"poultry") + SUMIFS(Data!$AD$2:$AD$31,Data!$G$2:$G$31,"seafood") + SUMIFS(Data!$AD$2:$AD$31,Data!$G$2:$G$31,"eggs") + SUMIFS(Data!$AD$2:$AD$31,Data!$G$2:$G$31,"other_animal")))=0,"",(SUMIFS(Data!$AD$2:$AD$31,Data!$G$2:$G$31,"legumes") + SUMIFS(Data!$AD$2:$AD$31,Data!$G$2:$G$31,"nuts") + SUMIFS(Data!$AD$2:$AD$31,Data!$G$2:$G$31,"seeds") + SUMIFS(Data!$AD$2:$AD$31,Data!$G$2:$G$31,"meat_egg_seafood_alternatives") + SUMIFS(Data!$AD$2:$AD$31,Data!$G$2:$G$31,"tofu_tempeh_seitan"))/((SUMIFS(Data!$AD$2:$AD$31,Data!$G$2:$G$31,"legumes") + SUMIFS(Data!$AD$2:$AD$31,Data!$G$2:$G$31,"nuts") + SUMIFS(Data!$AD$2:$AD$31,Data!$G$2:$G$31,"seeds") + SUMIFS(Data!$AD$2:$AD$31,Data!$G$2:$G$31,"meat_egg_seafood_alternatives") + SUMIFS(Data!$AD$2:$AD$31,Data!$G$2:$G$31,"tofu_tempeh_seitan"))+(SUMIFS(Data!$AD$2:$AD$31,Data!$G$2:$G$31,"red_meat") + SUMIFS(Data!$AD$2:$AD$31,Data!$G$2:$G$31,"poultry") + SUMIFS(Data!$AD$2:$AD$31,Data!$G$2:$G$31,"seafood") + SUMIFS(Data!$AD$2:$AD$31,Data!$G$2:$G$31,"eggs") + SUMIFS(Data!$AD$2:$AD$31,Data!$G$2:$G$31,"other_animal")))) | D43: 0.6
A44: Animal | C44: =IF(((SUMIFS(Data!$AD$2:$AD$31,Data!$G$2:$G$31,"legumes") + SUMIFS(Data!$AD$2:$AD$31,Data!$G$2:$G$31,"nuts") + SUMIFS(Data!$AD$2:$AD$31,Data!$G$2:$G$31,"seeds") + SUMIFS(Data!$AD$2:$AD$31,Data!$G$2:$G$31,"meat_egg_seafood_alternatives") + SUMIFS(Data!$AD$2:$AD$31,Data!$G$2:$G$31,"tofu_tempeh_seitan"))+(SUMIFS(Data!$AD$2:$AD$31,Data!$G$2:$G$31,"red_meat") + SUMIFS(Data!$AD$2:$AD$31,Data!$G$2:$G$31,"poultry") + SUMIFS(Data!$AD$2:$AD$31,Data!$G$2:$G$31,"seafood") + SUMIFS(Data!$AD$2:$AD$31,Data!$G$2:$G$31,"eggs") + SUMIFS(Data!$AD$2:$AD$31,Data!$G$2:$G$31,"other_animal")))=0,"",(SUMIFS(Data!$AD$2:$AD$31,Data!$G$2:$G$31,"red_meat") + SUMIFS(Data!$AD$2:$AD$31,Data!$G$2:$G$31,"poultry") + SUMIFS(Data!$AD$2:$AD$31,Data!$G$2:$G$31,"seafood") + SUMIFS(Data!$AD$2:$AD$31,Data!$G$2:$G$31,"eggs") + SUMIFS(Data!$AD$2:$AD$31,Data!$G$2:$G$31,"other_animal"))/((SUMIFS(Data!$AD$2:$AD$31,Data!$G$2:$G$31,"legumes") + SUMIFS(Data!$AD$2:$AD$31,Data!$G$2:$G$31,"nuts") + SUMIFS(Data!$AD$2:$AD$31,Data!$G$2:$G$31,"seeds") + SUMIFS(Data!$AD$2:$AD$31,Data!$G$2:$G$31,"meat_egg_seafood_alternatives") + SUMIFS(Data!$AD$2:$AD$31,Data!$G$2:$G$31,"tofu_tempeh_seitan"))+(SUMIFS(Data!$AD$2:$AD$31,Data!$G$2:$G$31,"red_meat") + SUMIFS(Data!$AD$2:$AD$31,Data!$G$2:$G$31,"poultry") + SUMIFS(Data!$AD$2:$AD$31,Data!$G$2:$G$31,"seafood") + SUMIFS(Data!$AD$2:$AD$31,Data!$G$2:$G$31,"eggs") + SUMIFS(Data!$AD$2:$AD$31,Data!$G$2:$G$31,"other_animal")))) | D44: 0.4
A45: FOOD GROUP 2 PROPORTION BY SOURCE
A46: Plant | C46: =IF(((SUMIFS(Data!$AD$2:$AD$31,Data!$G$2:$G$31,"dairy_alternative_plant"))+(SUMIFS(Data!$AD$2:$AD$31,Data!$G$2:$G$31,"dairy_animal")))=0,"",(SUMIFS(Data!$AD$2:$AD$31,Data!$G$2:$G$31,"dairy_alternative_plant"))/((SUMIFS(Data!$AD$2:$AD$31,Data!$G$2:$G$31,"dairy_alternative_plant"))+(SUMIFS(Data!$AD$2:$AD$31,Data!$G$2:$G$31,"dairy_animal")))) | D46: N/A
A47: Animal | C47: =IF(((SUMIFS(Data!$AD$2:$AD$31,Data!$G$2:$G$31,"dairy_alternative_plant"))+(SUMIFS(Data!$AD$2:$AD$31,Data!$G$2:$G$31,"dairy_animal")))=0,"",(SUMIFS(Data!$AD$2:$AD$31,Data!$G$2:$G$31,"dairy_animal"))/((SUMIFS(Data!$AD$2:$AD$31,Data!$G$2:$G$31,"dairy_alternative_plant"))+(SUMIFS(Data!$AD$2:$AD$31,Data!$G$2:$G$31,"dairy_animal")))) | D47: N/A
A48: WHOLE DIET PROPORTION BY SOURCE
A49: Plant | C49: =IF((SUMIFS(Data!$AD$2:$AD$31,Data!$H$2:$H$31,"plant_based",Data!$I$2:$I$31,"No")+SUMIFS(Data!$AD$2:$AD$31,Data!$H$2:$H$31,"animal_based",Data!$I$2:$I$31,"No"))=0,"",(SUMIFS(Data!$AD$2:$AD$31,Data!$H$2:$H$31,"plant_based",Data!$I$2:$I$31,"No"))/(SUMIFS(Data!$AD$2:$AD$31,Data!$H$2:$H$31,"plant_based",Data!$I$2:$I$31,"No")+SUMIFS(Data!$AD$2:$AD$31,Data!$H$2:$H$31,"animal_based",Data!$I$2:$I$31,"No"))) | D49: 0.74
A50: Animal | C50: =IF((SUMIFS(Data!$AD$2:$AD$31,Data!$H$2:$H$31,"plant_based",Data!$I$2:$I$31,"No")+SUMIFS(Data!$AD$2:$AD$31,Data!$H$2:$H$31,"animal_based",Data!$I$2:$I$31,"No"))=0,"",(SUMIFS(Data!$AD$2:$AD$31,Data!$H$2:$H$31,"animal_based",Data!$I$2:$I$31,"No"))/(SUMIFS(Data!$AD$2:$AD$31,Data!$H$2:$H$31,"plant_based",Data!$I$2:$I$31,"No")+SUMIFS(Data!$AD$2:$AD$31,Data!$H$2:$H$31,"animal_based",Data!$I$2:$I$31,"No"))) | D50: 0.26
A52: COMPOSITE PRODUCTS
A54: Share of composites in measured sales | C54: =IF(SUMIFS(Data!$AD$2:$AD$31,Data!$I$2:$I$31,"No")+SUMIFS(Data!$AD$2:$AD$31,Data!$I$2:$I$31,"Yes")=0,"",SUMIFS(Data!$AD$2:$AD$31,Data!$I$2:$I$31,"Yes")/(SUMIFS(Data!$AD$2:$AD$31,Data!$I$2:$I$31,"No")+SUMIFS(Data!$AD$2:$AD$31,Data!$I$2:$I$31,"Yes")))
A56: COMPOSITION | B56: Mass (t) | C56: Share
A57: Meat-based | B57: =SUMIFS(Data!$R$2:$R$31,Data!$J$2:$J$31,"meat_based")/1000 | C57: =IF(SUMIFS(Data!$AD$2:$AD$31,Data!$I$2:$I$31,"Yes")=0,"",B57*1000/SUMIFS(Data!$AD$2:$AD$31,Data!$I$2:$I$31,"Yes"))
A58: Seafood-based | B58: =SUMIFS(Data!$R$2:$R$31,Data!$J$2:$J$31,"seafood_based")/1000 | C58: =IF(SUMIFS(Data!$AD$2:$AD$31,Data!$I$2:$I$31,"Yes")=0,"",B58*1000/SUMIFS(Data!$AD$2:$AD$31,Data!$I$2:$I$31,"Yes"))
A59: Vegetarian | B59: =SUMIFS(Data!$R$2:$R$31,Data!$J$2:$J$31,"vegetarian")/1000 | C59: =IF(SUMIFS(Data!$AD$2:$AD$31,Data!$I$2:$I$31,"Yes")=0,"",B59*1000/SUMIFS(Data!$AD$2:$AD$31,Data!$I$2:$I$31,"Yes"))
A60: Vegan | B60: =SUMIFS(Data!$R$2:$R$31,Data!$J$2:$J$31,"vegan")/1000 | C60: =IF(SUMIFS(Data!$AD$2:$AD$31,Data!$I$2:$I$31,"Yes")=0,"",B60*1000/SUMIFS(Data!$AD$2:$AD$31,Data!$I$2:$I$31,"Yes"))
A61: Total | B61: =SUM(B57:B60) | C61: =SUM(C57:C60)
A64: PHD column: the Planetary Health Diet proportions as printed in the "PHD" column of Appendix D of the WWF Planet-based diet methodology. A dash flags a row for which Appendix D gives no target.
A65: The weights after applying the WWF methodology in Appendix B dairy equivalents) are the primary columns (left-hand side). The right-hand column gives the product mass actually sold, without this conversion.
A66: Composites are counted at the total weight of the product, as the "composite product level" approach of step 1 prescribes.
A69: THE SAME BREAKDOWN, IN PROTEIN
A70: The mass and protein columns are in product mass, without the Appendix B dairy equivalent.
A71: Food group | B71: Mass (t) | C71: Protein (t) | D71: Plant protein (t) | E71: Animal protein (t) | F71: Plant share (weight) | G71: Animal share (weight)
A72: FG1 · Proteins | B72: =SUMIFS(Data!$R$2:$R$31,Data!$F$2:$F$31,"FG1")/1000 | C72: =D72+E72 | D72: =SUMIFS(Data!$S$2:$S$31,Data!$F$2:$F$31,"FG1")/1000 | E72: =SUMIFS(Data!$T$2:$T$31,Data!$F$2:$F$31,"FG1")/1000 | F72: =IF(SUMIFS(Data!$R$2:$R$31,Data!$F$2:$F$31,"FG1",Data!$H$2:$H$31,"plant_based")+SUMIFS(Data!$R$2:$R$31,Data!$F$2:$F$31,"FG1",Data!$H$2:$H$31,"animal_based")=0,"",SUMIFS(Data!$R$2:$R$31,Data!$F$2:$F$31,"FG1",Data!$H$2:$H$31,"plant_based")/(SUMIFS(Data!$R$2:$R$31,Data!$F$2:$F$31,"FG1",Data!$H$2:$H$31,"plant_based")+SUMIFS(Data!$R$2:$R$31,Data!$F$2:$F$31,"FG1",Data!$H$2:$H$31,"animal_based"))) | G72: =IF(SUMIFS(Data!$R$2:$R$31,Data!$F$2:$F$31,"FG1",Data!$H$2:$H$31,"plant_based")+SUMIFS(Data!$R$2:$R$31,Data!$F$2:$F$31,"FG1",Data!$H$2:$H$31,"animal_based")=0,"",SUMIFS(Data!$R$2:$R$31,Data!$F$2:$F$31,"FG1",Data!$H$2:$H$31,"animal_based")/(SUMIFS(Data!$R$2:$R$31,Data!$F$2:$F$31,"FG1",Data!$H$2:$H$31,"plant_based")+SUMIFS(Data!$R$2:$R$31,Data!$F$2:$F$31,"FG1",Data!$H$2:$H$31,"animal_based")))
A73: FG2 · Dairy products and alternatives | B73: =SUMIFS(Data!$R$2:$R$31,Data!$F$2:$F$31,"FG2")/1000 | C73: =D73+E73 | D73: =SUMIFS(Data!$S$2:$S$31,Data!$F$2:$F$31,"FG2")/1000 | E73: =SUMIFS(Data!$T$2:$T$31,Data!$F$2:$F$31,"FG2")/1000 | F73: =IF(SUMIFS(Data!$R$2:$R$31,Data!$F$2:$F$31,"FG2",Data!$H$2:$H$31,"plant_based")+SUMIFS(Data!$R$2:$R$31,Data!$F$2:$F$31,"FG2",Data!$H$2:$H$31,"animal_based")=0,"",SUMIFS(Data!$R$2:$R$31,Data!$F$2:$F$31,"FG2",Data!$H$2:$H$31,"plant_based")/(SUMIFS(Data!$R$2:$R$31,Data!$F$2:$F$31,"FG2",Data!$H$2:$H$31,"plant_based")+SUMIFS(Data!$R$2:$R$31,Data!$F$2:$F$31,"FG2",Data!$H$2:$H$31,"animal_based"))) | G73: =IF(SUMIFS(Data!$R$2:$R$31,Data!$F$2:$F$31,"FG2",Data!$H$2:$H$31,"plant_based")+SUMIFS(Data!$R$2:$R$31,Data!$F$2:$F$31,"FG2",Data!$H$2:$H$31,"animal_based")=0,"",SUMIFS(Data!$R$2:$R$31,Data!$F$2:$F$31,"FG2",Data!$H$2:$H$31,"animal_based")/(SUMIFS(Data!$R$2:$R$31,Data!$F$2:$F$31,"FG2",Data!$H$2:$H$31,"plant_based")+SUMIFS(Data!$R$2:$R$31,Data!$F$2:$F$31,"FG2",Data!$H$2:$H$31,"animal_based")))
A74: FG3 · Fats | B74: =SUMIFS(Data!$R$2:$R$31,Data!$F$2:$F$31,"FG3")/1000 | C74: =D74+E74 | D74: =SUMIFS(Data!$S$2:$S$31,Data!$F$2:$F$31,"FG3")/1000 | E74: =SUMIFS(Data!$T$2:$T$31,Data!$F$2:$F$31,"FG3")/1000 | F74: =IF(SUMIFS(Data!$R$2:$R$31,Data!$F$2:$F$31,"FG3",Data!$H$2:$H$31,"plant_based")+SUMIFS(Data!$R$2:$R$31,Data!$F$2:$F$31,"FG3",Data!$H$2:$H$31,"animal_based")=0,"",SUMIFS(Data!$R$2:$R$31,Data!$F$2:$F$31,"FG3",Data!$H$2:$H$31,"plant_based")/(SUMIFS(Data!$R$2:$R$31,Data!$F$2:$F$31,"FG3",Data!$H$2:$H$31,"plant_based")+SUMIFS(Data!$R$2:$R$31,Data!$F$2:$F$31,"FG3",Data!$H$2:$H$31,"animal_based"))) | G74: =IF(SUMIFS(Data!$R$2:$R$31,Data!$F$2:$F$31,"FG3",Data!$H$2:$H$31,"plant_based")+SUMIFS(Data!$R$2:$R$31,Data!$F$2:$F$31,"FG3",Data!$H$2:$H$31,"animal_based")=0,"",SUMIFS(Data!$R$2:$R$31,Data!$F$2:$F$31,"FG3",Data!$H$2:$H$31,"animal_based")/(SUMIFS(Data!$R$2:$R$31,Data!$F$2:$F$31,"FG3",Data!$H$2:$H$31,"plant_based")+SUMIFS(Data!$R$2:$R$31,Data!$F$2:$F$31,"FG3",Data!$H$2:$H$31,"animal_based")))
A75: FG4 · Fruits and vegetables | B75: =SUMIFS(Data!$R$2:$R$31,Data!$F$2:$F$31,"FG4")/1000 | C75: =D75+E75 | D75: =SUMIFS(Data!$S$2:$S$31,Data!$F$2:$F$31,"FG4")/1000 | E75: =SUMIFS(Data!$T$2:$T$31,Data!$F$2:$F$31,"FG4")/1000 | F75: =IF(SUMIFS(Data!$R$2:$R$31,Data!$F$2:$F$31,"FG4",Data!$H$2:$H$31,"plant_based")+SUMIFS(Data!$R$2:$R$31,Data!$F$2:$F$31,"FG4",Data!$H$2:$H$31,"animal_based")=0,"",SUMIFS(Data!$R$2:$R$31,Data!$F$2:$F$31,"FG4",Data!$H$2:$H$31,"plant_based")/(SUMIFS(Data!$R$2:$R$31,Data!$F$2:$F$31,"FG4",Data!$H$2:$H$31,"plant_based")+SUMIFS(Data!$R$2:$R$31,Data!$F$2:$F$31,"FG4",Data!$H$2:$H$31,"animal_based"))) | G75: =IF(SUMIFS(Data!$R$2:$R$31,Data!$F$2:$F$31,"FG4",Data!$H$2:$H$31,"plant_based")+SUMIFS(Data!$R$2:$R$31,Data!$F$2:$F$31,"FG4",Data!$H$2:$H$31,"animal_based")=0,"",SUMIFS(Data!$R$2:$R$31,Data!$F$2:$F$31,"FG4",Data!$H$2:$H$31,"animal_based")/(SUMIFS(Data!$R$2:$R$31,Data!$F$2:$F$31,"FG4",Data!$H$2:$H$31,"plant_based")+SUMIFS(Data!$R$2:$R$31,Data!$F$2:$F$31,"FG4",Data!$H$2:$H$31,"animal_based")))
A76: FG5 · Cereals | B76: =SUMIFS(Data!$R$2:$R$31,Data!$F$2:$F$31,"FG5")/1000 | C76: =D76+E76 | D76: =SUMIFS(Data!$S$2:$S$31,Data!$F$2:$F$31,"FG5")/1000 | E76: =SUMIFS(Data!$T$2:$T$31,Data!$F$2:$F$31,"FG5")/1000 | F76: =IF(SUMIFS(Data!$R$2:$R$31,Data!$F$2:$F$31,"FG5",Data!$H$2:$H$31,"plant_based")+SUMIFS(Data!$R$2:$R$31,Data!$F$2:$F$31,"FG5",Data!$H$2:$H$31,"animal_based")=0,"",SUMIFS(Data!$R$2:$R$31,Data!$F$2:$F$31,"FG5",Data!$H$2:$H$31,"plant_based")/(SUMIFS(Data!$R$2:$R$31,Data!$F$2:$F$31,"FG5",Data!$H$2:$H$31,"plant_based")+SUMIFS(Data!$R$2:$R$31,Data!$F$2:$F$31,"FG5",Data!$H$2:$H$31,"animal_based"))) | G76: =IF(SUMIFS(Data!$R$2:$R$31,Data!$F$2:$F$31,"FG5",Data!$H$2:$H$31,"plant_based")+SUMIFS(Data!$R$2:$R$31,Data!$F$2:$F$31,"FG5",Data!$H$2:$H$31,"animal_based")=0,"",SUMIFS(Data!$R$2:$R$31,Data!$F$2:$F$31,"FG5",Data!$H$2:$H$31,"animal_based")/(SUMIFS(Data!$R$2:$R$31,Data!$F$2:$F$31,"FG5",Data!$H$2:$H$31,"plant_based")+SUMIFS(Data!$R$2:$R$31,Data!$F$2:$F$31,"FG5",Data!$H$2:$H$31,"animal_based")))
A77: FG6 · Starchy vegetables | B77: =SUMIFS(Data!$R$2:$R$31,Data!$F$2:$F$31,"FG6")/1000 | C77: =D77+E77 | D77: =SUMIFS(Data!$S$2:$S$31,Data!$F$2:$F$31,"FG6")/1000 | E77: =SUMIFS(Data!$T$2:$T$31,Data!$F$2:$F$31,"FG6")/1000 | F77: =IF(SUMIFS(Data!$R$2:$R$31,Data!$F$2:$F$31,"FG6",Data!$H$2:$H$31,"plant_based")+SUMIFS(Data!$R$2:$R$31,Data!$F$2:$F$31,"FG6",Data!$H$2:$H$31,"animal_based")=0,"",SUMIFS(Data!$R$2:$R$31,Data!$F$2:$F$31,"FG6",Data!$H$2:$H$31,"plant_based")/(SUMIFS(Data!$R$2:$R$31,Data!$F$2:$F$31,"FG6",Data!$H$2:$H$31,"plant_based")+SUMIFS(Data!$R$2:$R$31,Data!$F$2:$F$31,"FG6",Data!$H$2:$H$31,"animal_based"))) | G77: =IF(SUMIFS(Data!$R$2:$R$31,Data!$F$2:$F$31,"FG6",Data!$H$2:$H$31,"plant_based")+SUMIFS(Data!$R$2:$R$31,Data!$F$2:$F$31,"FG6",Data!$H$2:$H$31,"animal_based")=0,"",SUMIFS(Data!$R$2:$R$31,Data!$F$2:$F$31,"FG6",Data!$H$2:$H$31,"animal_based")/(SUMIFS(Data!$R$2:$R$31,Data!$F$2:$F$31,"FG6",Data!$H$2:$H$31,"plant_based")+SUMIFS(Data!$R$2:$R$31,Data!$F$2:$F$31,"FG6",Data!$H$2:$H$31,"animal_based")))
A78: FG7 · Discretionary | B78: =SUMIFS(Data!$R$2:$R$31,Data!$F$2:$F$31,"FG7")/1000 | C78: =D78+E78 | D78: =SUMIFS(Data!$S$2:$S$31,Data!$F$2:$F$31,"FG7")/1000 | E78: =SUMIFS(Data!$T$2:$T$31,Data!$F$2:$F$31,"FG7")/1000 | F78: =IF(SUMIFS(Data!$R$2:$R$31,Data!$F$2:$F$31,"FG7",Data!$H$2:$H$31,"plant_based")+SUMIFS(Data!$R$2:$R$31,Data!$F$2:$F$31,"FG7",Data!$H$2:$H$31,"animal_based")=0,"",SUMIFS(Data!$R$2:$R$31,Data!$F$2:$F$31,"FG7",Data!$H$2:$H$31,"plant_based")/(SUMIFS(Data!$R$2:$R$31,Data!$F$2:$F$31,"FG7",Data!$H$2:$H$31,"plant_based")+SUMIFS(Data!$R$2:$R$31,Data!$F$2:$F$31,"FG7",Data!$H$2:$H$31,"animal_based"))) | G78: =IF(SUMIFS(Data!$R$2:$R$31,Data!$F$2:$F$31,"FG7",Data!$H$2:$H$31,"plant_based")+SUMIFS(Data!$R$2:$R$31,Data!$F$2:$F$31,"FG7",Data!$H$2:$H$31,"animal_based")=0,"",SUMIFS(Data!$R$2:$R$31,Data!$F$2:$F$31,"FG7",Data!$H$2:$H$31,"animal_based")/(SUMIFS(Data!$R$2:$R$31,Data!$F$2:$F$31,"FG7",Data!$H$2:$H$31,"plant_based")+SUMIFS(Data!$R$2:$R$31,Data!$F$2:$F$31,"FG7",Data!$H$2:$H$31,"animal_based")))
A79: Total | B79: =SUM(B72:B78) | C79: =SUM(C72:C78) | D79: =SUM(D72:D78) | E79: =SUM(E72:E78) | F79: =IF((SUMIFS(Data!$R$2:$R$31,Data!$F$2:$F$31,"FG1",Data!$H$2:$H$31,"plant_based")+SUMIFS(Data!$R$2:$R$31,Data!$F$2:$F$31,"FG2",Data!$H$2:$H$31,"plant_based")+SUMIFS(Data!$R$2:$R$31,Data!$F$2:$F$31,"FG3",Data!$H$2:$H$31,"plant_based")+SUMIFS(Data!$R$2:$R$31,Data!$F$2:$F$31,"FG4",Data!$H$2:$H$31,"plant_based")+SUMIFS(Data!$R$2:$R$31,Data!$F$2:$F$31,"FG5",Data!$H$2:$H$31,"plant_based")+SUMIFS(Data!$R$2:$R$31,Data!$F$2:$F$31,"FG6",Data!$H$2:$H$31,"plant_based")+SUMIFS(Data!$R$2:$R$31,Data!$F$2:$F$31,"FG7",Data!$H$2:$H$31,"plant_based"))+(SUMIFS(Data!$R$2:$R$31,Data!$F$2:$F$31,"FG1",Data!$H$2:$H$31,"animal_based")+SUMIFS(Data!$R$2:$R$31,Data!$F$2:$F$31,"FG2",Data!$H$2:$H$31,"animal_based")+SUMIFS(Data!$R$2:$R$31,Data!$F$2:$F$31,"FG3",Data!$H$2:$H$31,"animal_based")+SUMIFS(Data!$R$2:$R$31,Data!$F$2:$F$31,"FG4",Data!$H$2:$H$31,"animal_based")+SUMIFS(Data!$R$2:$R$31,Data!$F$2:$F$31,"FG5",Data!$H$2:$H$31,"animal_based")+SUMIFS(Data!$R$2:$R$31,Data!$F$2:$F$31,"FG6",Data!$H$2:$H$31,"animal_based")+SUMIFS(Data!$R$2:$R$31,Data!$F$2:$F$31,"FG7",Data!$H$2:$H$31,"animal_based"))=0,"",(SUMIFS(Data!$R$2:$R$31,Data!$F$2:$F$31,"FG1",Data!$H$2:$H$31,"plant_based")+SUMIFS(Data!$R$2:$R$31,Data!$F$2:$F$31,"FG2",Data!$H$2:$H$31,"plant_based")+SUMIFS(Data!$R$2:$R$31,Data!$F$2:$F$31,"FG3",Data!$H$2:$H$31,"plant_based")+SUMIFS(Data!$R$2:$R$31,Data!$F$2:$F$31,"FG4",Data!$H$2:$H$31,"plant_based")+SUMIFS(Data!$R$2:$R$31,Data!$F$2:$F$31,"FG5",Data!$H$2:$H$31,"plant_based")+SUMIFS(Data!$R$2:$R$31,Data!$F$2:$F$31,"FG6",Data!$H$2:$H$31,"plant_based")+SUMIFS(Data!$R$2:$R$31,Data!$F$2:$F$31,"FG7",Data!$H$2:$H$31,"plant_based"))/((SUMIFS(Data!$R$2:$R$31,Data!$F$2:$F$31,"FG1",Data!$H$2:$H$31,"plant_based")+SUMIFS(Data!$R$2:$R$31,Data!$F$2:$F$31,"FG2",Data!$H$2:$H$31,"plant_based")+SUMIFS(Data!$R$2:$R$31,Data!$F$2:$F$31,"FG3",Data!$H$2:$H$31,"plant_based")+SUMIFS(Data!$R$2:$R$31,Data!$F$2:$F$31,"FG4",Data!$H$2:$H$31,"plant_based")+SUMIFS(Data!$R$2:$R$31,Data!$F$2:$F$31,"FG5",Data!$H$2:$H$31,"plant_based")+SUMIFS(Data!$R$2:$R$31,Data!$F$2:$F$31,"FG6",Data!$H$2:$H$31,"plant_based")+SUMIFS(Data!$R$2:$R$31,Data!$F$2:$F$31,"FG7",Data!$H$2:$H$31,"plant_based"))+(SUMIFS(Data!$R$2:$R$31,Data!$F$2:$F$31,"FG1",Data!$H$2:$H$31,"animal_based")+SUMIFS(Data!$R$2:$R$31,Data!$F$2:$F$31,"FG2",Data!$H$2:$H$31,"animal_based")+SUMIFS(Data!$R$2:$R$31,Data!$F$2:$F$31,"FG3",Data!$H$2:$H$31,"animal_based")+SUMIFS(Data!$R$2:$R$31,Data!$F$2:$F$31,"FG4",Data!$H$2:$H$31,"animal_based")+SUMIFS(Data!$R$2:$R$31,Data!$F$2:$F$31,"FG5",Data!$H$2:$H$31,"animal_based")+SUMIFS(Data!$R$2:$R$31,Data!$F$2:$F$31,"FG6",Data!$H$2:$H$31,"animal_based")+SUMIFS(Data!$R$2:$R$31,Data!$F$2:$F$31,"FG7",Data!$H$2:$H$31,"animal_based")))) | G79: =IF((SUMIFS(Data!$R$2:$R$31,Data!$F$2:$F$31,"FG1",Data!$H$2:$H$31,"plant_based")+SUMIFS(Data!$R$2:$R$31,Data!$F$2:$F$31,"FG2",Data!$H$2:$H$31,"plant_based")+SUMIFS(Data!$R$2:$R$31,Data!$F$2:$F$31,"FG3",Data!$H$2:$H$31,"plant_based")+SUMIFS(Data!$R$2:$R$31,Data!$F$2:$F$31,"FG4",Data!$H$2:$H$31,"plant_based")+SUMIFS(Data!$R$2:$R$31,Data!$F$2:$F$31,"FG5",Data!$H$2:$H$31,"plant_based")+SUMIFS(Data!$R$2:$R$31,Data!$F$2:$F$31,"FG6",Data!$H$2:$H$31,"plant_based")+SUMIFS(Data!$R$2:$R$31,Data!$F$2:$F$31,"FG7",Data!$H$2:$H$31,"plant_based"))+(SUMIFS(Data!$R$2:$R$31,Data!$F$2:$F$31,"FG1",Data!$H$2:$H$31,"animal_based")+SUMIFS(Data!$R$2:$R$31,Data!$F$2:$F$31,"FG2",Data!$H$2:$H$31,"animal_based")+SUMIFS(Data!$R$2:$R$31,Data!$F$2:$F$31,"FG3",Data!$H$2:$H$31,"animal_based")+SUMIFS(Data!$R$2:$R$31,Data!$F$2:$F$31,"FG4",Data!$H$2:$H$31,"animal_based")+SUMIFS(Data!$R$2:$R$31,Data!$F$2:$F$31,"FG5",Data!$H$2:$H$31,"animal_based")+SUMIFS(Data!$R$2:$R$31,Data!$F$2:$F$31,"FG6",Data!$H$2:$H$31,"animal_based")+SUMIFS(Data!$R$2:$R$31,Data!$F$2:$F$31,"FG7",Data!$H$2:$H$31,"animal_based"))=0,"",(SUMIFS(Data!$R$2:$R$31,Data!$F$2:$F$31,"FG1",Data!$H$2:$H$31,"animal_based")+SUMIFS(Data!$R$2:$R$31,Data!$F$2:$F$31,"FG2",Data!$H$2:$H$31,"animal_based")+SUMIFS(Data!$R$2:$R$31,Data!$F$2:$F$31,"FG3",Data!$H$2:$H$31,"animal_based")+SUMIFS(Data!$R$2:$R$31,Data!$F$2:$F$31,"FG4",Data!$H$2:$H$31,"animal_based")+SUMIFS(Data!$R$2:$R$31,Data!$F$2:$F$31,"FG5",Data!$H$2:$H$31,"animal_based")+SUMIFS(Data!$R$2:$R$31,Data!$F$2:$F$31,"FG6",Data!$H$2:$H$31,"animal_based")+SUMIFS(Data!$R$2:$R$31,Data!$F$2:$F$31,"FG7",Data!$H$2:$H$31,"animal_based"))/((SUMIFS(Data!$R$2:$R$31,Data!$F$2:$F$31,"FG1",Data!$H$2:$H$31,"plant_based")+SUMIFS(Data!$R$2:$R$31,Data!$F$2:$F$31,"FG2",Data!$H$2:$H$31,"plant_based")+SUMIFS(Data!$R$2:$R$31,Data!$F$2:$F$31,"FG3",Data!$H$2:$H$31,"plant_based")+SUMIFS(Data!$R$2:$R$31,Data!$F$2:$F$31,"FG4",Data!$H$2:$H$31,"plant_based")+SUMIFS(Data!$R$2:$R$31,Data!$F$2:$F$31,"FG5",Data!$H$2:$H$31,"plant_based")+SUMIFS(Data!$R$2:$R$31,Data!$F$2:$F$31,"FG6",Data!$H$2:$H$31,"plant_based")+SUMIFS(Data!$R$2:$R$31,Data!$F$2:$F$31,"FG7",Data!$H$2:$H$31,"plant_based"))+(SUMIFS(Data!$R$2:$R$31,Data!$F$2:$F$31,"FG1",Data!$H$2:$H$31,"animal_based")+SUMIFS(Data!$R$2:$R$31,Data!$F$2:$F$31,"FG2",Data!$H$2:$H$31,"animal_based")+SUMIFS(Data!$R$2:$R$31,Data!$F$2:$F$31,"FG3",Data!$H$2:$H$31,"animal_based")+SUMIFS(Data!$R$2:$R$31,Data!$F$2:$F$31,"FG4",Data!$H$2:$H$31,"animal_based")+SUMIFS(Data!$R$2:$R$31,Data!$F$2:$F$31,"FG5",Data!$H$2:$H$31,"animal_based")+SUMIFS(Data!$R$2:$R$31,Data!$F$2:$F$31,"FG6",Data!$H$2:$H$31,"animal_based")+SUMIFS(Data!$R$2:$R$31,Data!$F$2:$F$31,"FG7",Data!$H$2:$H$31,"animal_based"))))
A81: The rest of the catalogue
B82: Mass (t) | C82: Protein (t) | D82: Plant protein (t) | E82: Animal protein (t) | F82: Plant share (weight) | G82: Animal share (weight)
A83: Composite products | B83: =SUMIFS(Data!$R$2:$R$31,Data!$I$2:$I$31,"Yes")/1000 | C83: =D83+E83 | D83: =SUMIFS(Data!$S$2:$S$31,Data!$I$2:$I$31,"Yes")/1000 | E83: =SUMIFS(Data!$T$2:$T$31,Data!$I$2:$I$31,"Yes")/1000 | F83: =IF(SUMIFS(Data!$R$2:$R$31,Data!$I$2:$I$31,"Yes",Data!$H$2:$H$31,"plant_based")+SUMIFS(Data!$R$2:$R$31,Data!$I$2:$I$31,"Yes",Data!$H$2:$H$31,"animal_based")=0,"",SUMIFS(Data!$R$2:$R$31,Data!$I$2:$I$31,"Yes",Data!$H$2:$H$31,"plant_based")/(SUMIFS(Data!$R$2:$R$31,Data!$I$2:$I$31,"Yes",Data!$H$2:$H$31,"plant_based")+SUMIFS(Data!$R$2:$R$31,Data!$I$2:$I$31,"Yes",Data!$H$2:$H$31,"animal_based"))) | G83: =IF(SUMIFS(Data!$R$2:$R$31,Data!$I$2:$I$31,"Yes",Data!$H$2:$H$31,"plant_based")+SUMIFS(Data!$R$2:$R$31,Data!$I$2:$I$31,"Yes",Data!$H$2:$H$31,"animal_based")=0,"",SUMIFS(Data!$R$2:$R$31,Data!$I$2:$I$31,"Yes",Data!$H$2:$H$31,"animal_based")/(SUMIFS(Data!$R$2:$R$31,Data!$I$2:$I$31,"Yes",Data!$H$2:$H$31,"plant_based")+SUMIFS(Data!$R$2:$R$31,Data!$I$2:$I$31,"Yes",Data!$H$2:$H$31,"animal_based")))
A84: Outside WWF scope | B84: =SUMIFS(Data!$R$2:$R$31,Data!$I$2:$I$31,"outside WWF scope")/1000 | C84: =D84+E84 | D84: =SUMIFS(Data!$S$2:$S$31,Data!$I$2:$I$31,"outside WWF scope")/1000 | E84: =SUMIFS(Data!$T$2:$T$31,Data!$I$2:$I$31,"outside WWF scope")/1000 | F84: =IF(SUMIFS(Data!$R$2:$R$31,Data!$I$2:$I$31,"outside WWF scope",Data!$H$2:$H$31,"plant_based")+SUMIFS(Data!$R$2:$R$31,Data!$I$2:$I$31,"outside WWF scope",Data!$H$2:$H$31,"animal_based")=0,"",SUMIFS(Data!$R$2:$R$31,Data!$I$2:$I$31,"outside WWF scope",Data!$H$2:$H$31,"plant_based")/(SUMIFS(Data!$R$2:$R$31,Data!$I$2:$I$31,"outside WWF scope",Data!$H$2:$H$31,"plant_based")+SUMIFS(Data!$R$2:$R$31,Data!$I$2:$I$31,"outside WWF scope",Data!$H$2:$H$31,"animal_based"))) | G84: =IF(SUMIFS(Data!$R$2:$R$31,Data!$I$2:$I$31,"outside WWF scope",Data!$H$2:$H$31,"plant_based")+SUMIFS(Data!$R$2:$R$31,Data!$I$2:$I$31,"outside WWF scope",Data!$H$2:$H$31,"animal_based")=0,"",SUMIFS(Data!$R$2:$R$31,Data!$I$2:$I$31,"outside WWF scope",Data!$H$2:$H$31,"animal_based")/(SUMIFS(Data!$R$2:$R$31,Data!$I$2:$I$31,"outside WWF scope",Data!$H$2:$H$31,"plant_based")+SUMIFS(Data!$R$2:$R$31,Data!$I$2:$I$31,"outside WWF scope",Data!$H$2:$H$31,"animal_based")))

Sheet By category
A1: BY CATEGORY
A3: WWF sub-groups
A5: WWF subgroup | B5: Mass (t) | C5: Protein (t) | D5: Plant protein (t) | E5: Animal protein (t) | F5: Plant share (weight) | G5: Animal share (weight)
A6: FG1 · red_meat | B6: =SUMIFS(Data!$R$2:$R$31,Data!$G$2:$G$31,"red_meat")/1000 | C6: =D6+E6 | D6: =SUMIFS(Data!$S$2:$S$31,Data!$G$2:$G$31,"red_meat")/1000 | E6: =SUMIFS(Data!$T$2:$T$31,Data!$G$2:$G$31,"red_meat")/1000 | F6: =IF(SUMIFS(Data!$R$2:$R$31,Data!$G$2:$G$31,"red_meat",Data!$H$2:$H$31,"plant_based")+SUMIFS(Data!$R$2:$R$31,Data!$G$2:$G$31,"red_meat",Data!$H$2:$H$31,"animal_based")=0,"",SUMIFS(Data!$R$2:$R$31,Data!$G$2:$G$31,"red_meat",Data!$H$2:$H$31,"plant_based")/(SUMIFS(Data!$R$2:$R$31,Data!$G$2:$G$31,"red_meat",Data!$H$2:$H$31,"plant_based")+SUMIFS(Data!$R$2:$R$31,Data!$G$2:$G$31,"red_meat",Data!$H$2:$H$31,"animal_based"))) | G6: =IF(SUMIFS(Data!$R$2:$R$31,Data!$G$2:$G$31,"red_meat",Data!$H$2:$H$31,"plant_based")+SUMIFS(Data!$R$2:$R$31,Data!$G$2:$G$31,"red_meat",Data!$H$2:$H$31,"animal_based")=0,"",SUMIFS(Data!$R$2:$R$31,Data!$G$2:$G$31,"red_meat",Data!$H$2:$H$31,"animal_based")/(SUMIFS(Data!$R$2:$R$31,Data!$G$2:$G$31,"red_meat",Data!$H$2:$H$31,"plant_based")+SUMIFS(Data!$R$2:$R$31,Data!$G$2:$G$31,"red_meat",Data!$H$2:$H$31,"animal_based")))
A7: FG1 · poultry | B7: =SUMIFS(Data!$R$2:$R$31,Data!$G$2:$G$31,"poultry")/1000 | C7: =D7+E7 | D7: =SUMIFS(Data!$S$2:$S$31,Data!$G$2:$G$31,"poultry")/1000 | E7: =SUMIFS(Data!$T$2:$T$31,Data!$G$2:$G$31,"poultry")/1000 | F7: =IF(SUMIFS(Data!$R$2:$R$31,Data!$G$2:$G$31,"poultry",Data!$H$2:$H$31,"plant_based")+SUMIFS(Data!$R$2:$R$31,Data!$G$2:$G$31,"poultry",Data!$H$2:$H$31,"animal_based")=0,"",SUMIFS(Data!$R$2:$R$31,Data!$G$2:$G$31,"poultry",Data!$H$2:$H$31,"plant_based")/(SUMIFS(Data!$R$2:$R$31,Data!$G$2:$G$31,"poultry",Data!$H$2:$H$31,"plant_based")+SUMIFS(Data!$R$2:$R$31,Data!$G$2:$G$31,"poultry",Data!$H$2:$H$31,"animal_based"))) | G7: =IF(SUMIFS(Data!$R$2:$R$31,Data!$G$2:$G$31,"poultry",Data!$H$2:$H$31,"plant_based")+SUMIFS(Data!$R$2:$R$31,Data!$G$2:$G$31,"poultry",Data!$H$2:$H$31,"animal_based")=0,"",SUMIFS(Data!$R$2:$R$31,Data!$G$2:$G$31,"poultry",Data!$H$2:$H$31,"animal_based")/(SUMIFS(Data!$R$2:$R$31,Data!$G$2:$G$31,"poultry",Data!$H$2:$H$31,"plant_based")+SUMIFS(Data!$R$2:$R$31,Data!$G$2:$G$31,"poultry",Data!$H$2:$H$31,"animal_based")))
A8: FG1 · seafood | B8: =SUMIFS(Data!$R$2:$R$31,Data!$G$2:$G$31,"seafood")/1000 | C8: =D8+E8 | D8: =SUMIFS(Data!$S$2:$S$31,Data!$G$2:$G$31,"seafood")/1000 | E8: =SUMIFS(Data!$T$2:$T$31,Data!$G$2:$G$31,"seafood")/1000 | F8: =IF(SUMIFS(Data!$R$2:$R$31,Data!$G$2:$G$31,"seafood",Data!$H$2:$H$31,"plant_based")+SUMIFS(Data!$R$2:$R$31,Data!$G$2:$G$31,"seafood",Data!$H$2:$H$31,"animal_based")=0,"",SUMIFS(Data!$R$2:$R$31,Data!$G$2:$G$31,"seafood",Data!$H$2:$H$31,"plant_based")/(SUMIFS(Data!$R$2:$R$31,Data!$G$2:$G$31,"seafood",Data!$H$2:$H$31,"plant_based")+SUMIFS(Data!$R$2:$R$31,Data!$G$2:$G$31,"seafood",Data!$H$2:$H$31,"animal_based"))) | G8: =IF(SUMIFS(Data!$R$2:$R$31,Data!$G$2:$G$31,"seafood",Data!$H$2:$H$31,"plant_based")+SUMIFS(Data!$R$2:$R$31,Data!$G$2:$G$31,"seafood",Data!$H$2:$H$31,"animal_based")=0,"",SUMIFS(Data!$R$2:$R$31,Data!$G$2:$G$31,"seafood",Data!$H$2:$H$31,"animal_based")/(SUMIFS(Data!$R$2:$R$31,Data!$G$2:$G$31,"seafood",Data!$H$2:$H$31,"plant_based")+SUMIFS(Data!$R$2:$R$31,Data!$G$2:$G$31,"seafood",Data!$H$2:$H$31,"animal_based")))
A9: FG1 · eggs | B9: =SUMIFS(Data!$R$2:$R$31,Data!$G$2:$G$31,"eggs")/1000 | C9: =D9+E9 | D9: =SUMIFS(Data!$S$2:$S$31,Data!$G$2:$G$31,"eggs")/1000 | E9: =SUMIFS(Data!$T$2:$T$31,Data!$G$2:$G$31,"eggs")/1000 | F9: =IF(SUMIFS(Data!$R$2:$R$31,Data!$G$2:$G$31,"eggs",Data!$H$2:$H$31,"plant_based")+SUMIFS(Data!$R$2:$R$31,Data!$G$2:$G$31,"eggs",Data!$H$2:$H$31,"animal_based")=0,"",SUMIFS(Data!$R$2:$R$31,Data!$G$2:$G$31,"eggs",Data!$H$2:$H$31,"plant_based")/(SUMIFS(Data!$R$2:$R$31,Data!$G$2:$G$31,"eggs",Data!$H$2:$H$31,"plant_based")+SUMIFS(Data!$R$2:$R$31,Data!$G$2:$G$31,"eggs",Data!$H$2:$H$31,"animal_based"))) | G9: =IF(SUMIFS(Data!$R$2:$R$31,Data!$G$2:$G$31,"eggs",Data!$H$2:$H$31,"plant_based")+SUMIFS(Data!$R$2:$R$31,Data!$G$2:$G$31,"eggs",Data!$H$2:$H$31,"animal_based")=0,"",SUMIFS(Data!$R$2:$R$31,Data!$G$2:$G$31,"eggs",Data!$H$2:$H$31,"animal_based")/(SUMIFS(Data!$R$2:$R$31,Data!$G$2:$G$31,"eggs",Data!$H$2:$H$31,"plant_based")+SUMIFS(Data!$R$2:$R$31,Data!$G$2:$G$31,"eggs",Data!$H$2:$H$31,"animal_based")))
A10: FG1 · other_animal | B10: =SUMIFS(Data!$R$2:$R$31,Data!$G$2:$G$31,"other_animal")/1000 | C10: =D10+E10 | D10: =SUMIFS(Data!$S$2:$S$31,Data!$G$2:$G$31,"other_animal")/1000 | E10: =SUMIFS(Data!$T$2:$T$31,Data!$G$2:$G$31,"other_animal")/1000 | F10: =IF(SUMIFS(Data!$R$2:$R$31,Data!$G$2:$G$31,"other_animal",Data!$H$2:$H$31,"plant_based")+SUMIFS(Data!$R$2:$R$31,Data!$G$2:$G$31,"other_animal",Data!$H$2:$H$31,"animal_based")=0,"",SUMIFS(Data!$R$2:$R$31,Data!$G$2:$G$31,"other_animal",Data!$H$2:$H$31,"plant_based")/(SUMIFS(Data!$R$2:$R$31,Data!$G$2:$G$31,"other_animal",Data!$H$2:$H$31,"plant_based")+SUMIFS(Data!$R$2:$R$31,Data!$G$2:$G$31,"other_animal",Data!$H$2:$H$31,"animal_based"))) | G10: =IF(SUMIFS(Data!$R$2:$R$31,Data!$G$2:$G$31,"other_animal",Data!$H$2:$H$31,"plant_based")+SUMIFS(Data!$R$2:$R$31,Data!$G$2:$G$31,"other_animal",Data!$H$2:$H$31,"animal_based")=0,"",SUMIFS(Data!$R$2:$R$31,Data!$G$2:$G$31,"other_animal",Data!$H$2:$H$31,"animal_based")/(SUMIFS(Data!$R$2:$R$31,Data!$G$2:$G$31,"other_animal",Data!$H$2:$H$31,"plant_based")+SUMIFS(Data!$R$2:$R$31,Data!$G$2:$G$31,"other_animal",Data!$H$2:$H$31,"animal_based")))
A11: FG1 · legumes | B11: =SUMIFS(Data!$R$2:$R$31,Data!$G$2:$G$31,"legumes")/1000 | C11: =D11+E11 | D11: =SUMIFS(Data!$S$2:$S$31,Data!$G$2:$G$31,"legumes")/1000 | E11: =SUMIFS(Data!$T$2:$T$31,Data!$G$2:$G$31,"legumes")/1000 | F11: =IF(SUMIFS(Data!$R$2:$R$31,Data!$G$2:$G$31,"legumes",Data!$H$2:$H$31,"plant_based")+SUMIFS(Data!$R$2:$R$31,Data!$G$2:$G$31,"legumes",Data!$H$2:$H$31,"animal_based")=0,"",SUMIFS(Data!$R$2:$R$31,Data!$G$2:$G$31,"legumes",Data!$H$2:$H$31,"plant_based")/(SUMIFS(Data!$R$2:$R$31,Data!$G$2:$G$31,"legumes",Data!$H$2:$H$31,"plant_based")+SUMIFS(Data!$R$2:$R$31,Data!$G$2:$G$31,"legumes",Data!$H$2:$H$31,"animal_based"))) | G11: =IF(SUMIFS(Data!$R$2:$R$31,Data!$G$2:$G$31,"legumes",Data!$H$2:$H$31,"plant_based")+SUMIFS(Data!$R$2:$R$31,Data!$G$2:$G$31,"legumes",Data!$H$2:$H$31,"animal_based")=0,"",SUMIFS(Data!$R$2:$R$31,Data!$G$2:$G$31,"legumes",Data!$H$2:$H$31,"animal_based")/(SUMIFS(Data!$R$2:$R$31,Data!$G$2:$G$31,"legumes",Data!$H$2:$H$31,"plant_based")+SUMIFS(Data!$R$2:$R$31,Data!$G$2:$G$31,"legumes",Data!$H$2:$H$31,"animal_based")))
A12: FG1 · nuts | B12: =SUMIFS(Data!$R$2:$R$31,Data!$G$2:$G$31,"nuts")/1000 | C12: =D12+E12 | D12: =SUMIFS(Data!$S$2:$S$31,Data!$G$2:$G$31,"nuts")/1000 | E12: =SUMIFS(Data!$T$2:$T$31,Data!$G$2:$G$31,"nuts")/1000 | F12: =IF(SUMIFS(Data!$R$2:$R$31,Data!$G$2:$G$31,"nuts",Data!$H$2:$H$31,"plant_based")+SUMIFS(Data!$R$2:$R$31,Data!$G$2:$G$31,"nuts",Data!$H$2:$H$31,"animal_based")=0,"",SUMIFS(Data!$R$2:$R$31,Data!$G$2:$G$31,"nuts",Data!$H$2:$H$31,"plant_based")/(SUMIFS(Data!$R$2:$R$31,Data!$G$2:$G$31,"nuts",Data!$H$2:$H$31,"plant_based")+SUMIFS(Data!$R$2:$R$31,Data!$G$2:$G$31,"nuts",Data!$H$2:$H$31,"animal_based"))) | G12: =IF(SUMIFS(Data!$R$2:$R$31,Data!$G$2:$G$31,"nuts",Data!$H$2:$H$31,"plant_based")+SUMIFS(Data!$R$2:$R$31,Data!$G$2:$G$31,"nuts",Data!$H$2:$H$31,"animal_based")=0,"",SUMIFS(Data!$R$2:$R$31,Data!$G$2:$G$31,"nuts",Data!$H$2:$H$31,"animal_based")/(SUMIFS(Data!$R$2:$R$31,Data!$G$2:$G$31,"nuts",Data!$H$2:$H$31,"plant_based")+SUMIFS(Data!$R$2:$R$31,Data!$G$2:$G$31,"nuts",Data!$H$2:$H$31,"animal_based")))
A13: FG1 · seeds | B13: =SUMIFS(Data!$R$2:$R$31,Data!$G$2:$G$31,"seeds")/1000 | C13: =D13+E13 | D13: =SUMIFS(Data!$S$2:$S$31,Data!$G$2:$G$31,"seeds")/1000 | E13: =SUMIFS(Data!$T$2:$T$31,Data!$G$2:$G$31,"seeds")/1000 | F13: =IF(SUMIFS(Data!$R$2:$R$31,Data!$G$2:$G$31,"seeds",Data!$H$2:$H$31,"plant_based")+SUMIFS(Data!$R$2:$R$31,Data!$G$2:$G$31,"seeds",Data!$H$2:$H$31,"animal_based")=0,"",SUMIFS(Data!$R$2:$R$31,Data!$G$2:$G$31,"seeds",Data!$H$2:$H$31,"plant_based")/(SUMIFS(Data!$R$2:$R$31,Data!$G$2:$G$31,"seeds",Data!$H$2:$H$31,"plant_based")+SUMIFS(Data!$R$2:$R$31,Data!$G$2:$G$31,"seeds",Data!$H$2:$H$31,"animal_based"))) | G13: =IF(SUMIFS(Data!$R$2:$R$31,Data!$G$2:$G$31,"seeds",Data!$H$2:$H$31,"plant_based")+SUMIFS(Data!$R$2:$R$31,Data!$G$2:$G$31,"seeds",Data!$H$2:$H$31,"animal_based")=0,"",SUMIFS(Data!$R$2:$R$31,Data!$G$2:$G$31,"seeds",Data!$H$2:$H$31,"animal_based")/(SUMIFS(Data!$R$2:$R$31,Data!$G$2:$G$31,"seeds",Data!$H$2:$H$31,"plant_based")+SUMIFS(Data!$R$2:$R$31,Data!$G$2:$G$31,"seeds",Data!$H$2:$H$31,"animal_based")))
A14: FG1 · tofu_tempeh_seitan | B14: =SUMIFS(Data!$R$2:$R$31,Data!$G$2:$G$31,"tofu_tempeh_seitan")/1000 | C14: =D14+E14 | D14: =SUMIFS(Data!$S$2:$S$31,Data!$G$2:$G$31,"tofu_tempeh_seitan")/1000 | E14: =SUMIFS(Data!$T$2:$T$31,Data!$G$2:$G$31,"tofu_tempeh_seitan")/1000 | F14: =IF(SUMIFS(Data!$R$2:$R$31,Data!$G$2:$G$31,"tofu_tempeh_seitan",Data!$H$2:$H$31,"plant_based")+SUMIFS(Data!$R$2:$R$31,Data!$G$2:$G$31,"tofu_tempeh_seitan",Data!$H$2:$H$31,"animal_based")=0,"",SUMIFS(Data!$R$2:$R$31,Data!$G$2:$G$31,"tofu_tempeh_seitan",Data!$H$2:$H$31,"plant_based")/(SUMIFS(Data!$R$2:$R$31,Data!$G$2:$G$31,"tofu_tempeh_seitan",Data!$H$2:$H$31,"plant_based")+SUMIFS(Data!$R$2:$R$31,Data!$G$2:$G$31,"tofu_tempeh_seitan",Data!$H$2:$H$31,"animal_based"))) | G14: =IF(SUMIFS(Data!$R$2:$R$31,Data!$G$2:$G$31,"tofu_tempeh_seitan",Data!$H$2:$H$31,"plant_based")+SUMIFS(Data!$R$2:$R$31,Data!$G$2:$G$31,"tofu_tempeh_seitan",Data!$H$2:$H$31,"animal_based")=0,"",SUMIFS(Data!$R$2:$R$31,Data!$G$2:$G$31,"tofu_tempeh_seitan",Data!$H$2:$H$31,"animal_based")/(SUMIFS(Data!$R$2:$R$31,Data!$G$2:$G$31,"tofu_tempeh_seitan",Data!$H$2:$H$31,"plant_based")+SUMIFS(Data!$R$2:$R$31,Data!$G$2:$G$31,"tofu_tempeh_seitan",Data!$H$2:$H$31,"animal_based")))
A15: FG1 · meat_egg_seafood_alternatives | B15: =SUMIFS(Data!$R$2:$R$31,Data!$G$2:$G$31,"meat_egg_seafood_alternatives")/1000 | C15: =D15+E15 | D15: =SUMIFS(Data!$S$2:$S$31,Data!$G$2:$G$31,"meat_egg_seafood_alternatives")/1000 | E15: =SUMIFS(Data!$T$2:$T$31,Data!$G$2:$G$31,"meat_egg_seafood_alternatives")/1000 | F15: =IF(SUMIFS(Data!$R$2:$R$31,Data!$G$2:$G$31,"meat_egg_seafood_alternatives",Data!$H$2:$H$31,"plant_based")+SUMIFS(Data!$R$2:$R$31,Data!$G$2:$G$31,"meat_egg_seafood_alternatives",Data!$H$2:$H$31,"animal_based")=0,"",SUMIFS(Data!$R$2:$R$31,Data!$G$2:$G$31,"meat_egg_seafood_alternatives",Data!$H$2:$H$31,"plant_based")/(SUMIFS(Data!$R$2:$R$31,Data!$G$2:$G$31,"meat_egg_seafood_alternatives",Data!$H$2:$H$31,"plant_based")+SUMIFS(Data!$R$2:$R$31,Data!$G$2:$G$31,"meat_egg_seafood_alternatives",Data!$H$2:$H$31,"animal_based"))) | G15: =IF(SUMIFS(Data!$R$2:$R$31,Data!$G$2:$G$31,"meat_egg_seafood_alternatives",Data!$H$2:$H$31,"plant_based")+SUMIFS(Data!$R$2:$R$31,Data!$G$2:$G$31,"meat_egg_seafood_alternatives",Data!$H$2:$H$31,"animal_based")=0,"",SUMIFS(Data!$R$2:$R$31,Data!$G$2:$G$31,"meat_egg_seafood_alternatives",Data!$H$2:$H$31,"animal_based")/(SUMIFS(Data!$R$2:$R$31,Data!$G$2:$G$31,"meat_egg_seafood_alternatives",Data!$H$2:$H$31,"plant_based")+SUMIFS(Data!$R$2:$R$31,Data!$G$2:$G$31,"meat_egg_seafood_alternatives",Data!$H$2:$H$31,"animal_based")))
A16: FG2 · dairy_animal | B16: =SUMIFS(Data!$R$2:$R$31,Data!$G$2:$G$31,"dairy_animal")/1000 | C16: =D16+E16 | D16: =SUMIFS(Data!$S$2:$S$31,Data!$G$2:$G$31,"dairy_animal")/1000 | E16: =SUMIFS(Data!$T$2:$T$31,Data!$G$2:$G$31,"dairy_animal")/1000 | F16: =IF(SUMIFS(Data!$R$2:$R$31,Data!$G$2:$G$31,"dairy_animal",Data!$H$2:$H$31,"plant_based")+SUMIFS(Data!$R$2:$R$31,Data!$G$2:$G$31,"dairy_animal",Data!$H$2:$H$31,"animal_based")=0,"",SUMIFS(Data!$R$2:$R$31,Data!$G$2:$G$31,"dairy_animal",Data!$H$2:$H$31,"plant_based")/(SUMIFS(Data!$R$2:$R$31,Data!$G$2:$G$31,"dairy_animal",Data!$H$2:$H$31,"plant_based")+SUMIFS(Data!$R$2:$R$31,Data!$G$2:$G$31,"dairy_animal",Data!$H$2:$H$31,"animal_based"))) | G16: =IF(SUMIFS(Data!$R$2:$R$31,Data!$G$2:$G$31,"dairy_animal",Data!$H$2:$H$31,"plant_based")+SUMIFS(Data!$R$2:$R$31,Data!$G$2:$G$31,"dairy_animal",Data!$H$2:$H$31,"animal_based")=0,"",SUMIFS(Data!$R$2:$R$31,Data!$G$2:$G$31,"dairy_animal",Data!$H$2:$H$31,"animal_based")/(SUMIFS(Data!$R$2:$R$31,Data!$G$2:$G$31,"dairy_animal",Data!$H$2:$H$31,"plant_based")+SUMIFS(Data!$R$2:$R$31,Data!$G$2:$G$31,"dairy_animal",Data!$H$2:$H$31,"animal_based")))
A17: FG2 · dairy_alternative_plant | B17: =SUMIFS(Data!$R$2:$R$31,Data!$G$2:$G$31,"dairy_alternative_plant")/1000 | C17: =D17+E17 | D17: =SUMIFS(Data!$S$2:$S$31,Data!$G$2:$G$31,"dairy_alternative_plant")/1000 | E17: =SUMIFS(Data!$T$2:$T$31,Data!$G$2:$G$31,"dairy_alternative_plant")/1000 | F17: =IF(SUMIFS(Data!$R$2:$R$31,Data!$G$2:$G$31,"dairy_alternative_plant",Data!$H$2:$H$31,"plant_based")+SUMIFS(Data!$R$2:$R$31,Data!$G$2:$G$31,"dairy_alternative_plant",Data!$H$2:$H$31,"animal_based")=0,"",SUMIFS(Data!$R$2:$R$31,Data!$G$2:$G$31,"dairy_alternative_plant",Data!$H$2:$H$31,"plant_based")/(SUMIFS(Data!$R$2:$R$31,Data!$G$2:$G$31,"dairy_alternative_plant",Data!$H$2:$H$31,"plant_based")+SUMIFS(Data!$R$2:$R$31,Data!$G$2:$G$31,"dairy_alternative_plant",Data!$H$2:$H$31,"animal_based"))) | G17: =IF(SUMIFS(Data!$R$2:$R$31,Data!$G$2:$G$31,"dairy_alternative_plant",Data!$H$2:$H$31,"plant_based")+SUMIFS(Data!$R$2:$R$31,Data!$G$2:$G$31,"dairy_alternative_plant",Data!$H$2:$H$31,"animal_based")=0,"",SUMIFS(Data!$R$2:$R$31,Data!$G$2:$G$31,"dairy_alternative_plant",Data!$H$2:$H$31,"animal_based")/(SUMIFS(Data!$R$2:$R$31,Data!$G$2:$G$31,"dairy_alternative_plant",Data!$H$2:$H$31,"plant_based")+SUMIFS(Data!$R$2:$R$31,Data!$G$2:$G$31,"dairy_alternative_plant",Data!$H$2:$H$31,"animal_based")))
A18: FG3 · animal_based_fat | B18: =SUMIFS(Data!$R$2:$R$31,Data!$G$2:$G$31,"animal_based_fat")/1000 | C18: =D18+E18 | D18: =SUMIFS(Data!$S$2:$S$31,Data!$G$2:$G$31,"animal_based_fat")/1000 | E18: =SUMIFS(Data!$T$2:$T$31,Data!$G$2:$G$31,"animal_based_fat")/1000 | F18: =IF(SUMIFS(Data!$R$2:$R$31,Data!$G$2:$G$31,"animal_based_fat",Data!$H$2:$H$31,"plant_based")+SUMIFS(Data!$R$2:$R$31,Data!$G$2:$G$31,"animal_based_fat",Data!$H$2:$H$31,"animal_based")=0,"",SUMIFS(Data!$R$2:$R$31,Data!$G$2:$G$31,"animal_based_fat",Data!$H$2:$H$31,"plant_based")/(SUMIFS(Data!$R$2:$R$31,Data!$G$2:$G$31,"animal_based_fat",Data!$H$2:$H$31,"plant_based")+SUMIFS(Data!$R$2:$R$31,Data!$G$2:$G$31,"animal_based_fat",Data!$H$2:$H$31,"animal_based"))) | G18: =IF(SUMIFS(Data!$R$2:$R$31,Data!$G$2:$G$31,"animal_based_fat",Data!$H$2:$H$31,"plant_based")+SUMIFS(Data!$R$2:$R$31,Data!$G$2:$G$31,"animal_based_fat",Data!$H$2:$H$31,"animal_based")=0,"",SUMIFS(Data!$R$2:$R$31,Data!$G$2:$G$31,"animal_based_fat",Data!$H$2:$H$31,"animal_based")/(SUMIFS(Data!$R$2:$R$31,Data!$G$2:$G$31,"animal_based_fat",Data!$H$2:$H$31,"plant_based")+SUMIFS(Data!$R$2:$R$31,Data!$G$2:$G$31,"animal_based_fat",Data!$H$2:$H$31,"animal_based")))
A19: FG3 · plant_based_fat | B19: =SUMIFS(Data!$R$2:$R$31,Data!$G$2:$G$31,"plant_based_fat")/1000 | C19: =D19+E19 | D19: =SUMIFS(Data!$S$2:$S$31,Data!$G$2:$G$31,"plant_based_fat")/1000 | E19: =SUMIFS(Data!$T$2:$T$31,Data!$G$2:$G$31,"plant_based_fat")/1000 | F19: =IF(SUMIFS(Data!$R$2:$R$31,Data!$G$2:$G$31,"plant_based_fat",Data!$H$2:$H$31,"plant_based")+SUMIFS(Data!$R$2:$R$31,Data!$G$2:$G$31,"plant_based_fat",Data!$H$2:$H$31,"animal_based")=0,"",SUMIFS(Data!$R$2:$R$31,Data!$G$2:$G$31,"plant_based_fat",Data!$H$2:$H$31,"plant_based")/(SUMIFS(Data!$R$2:$R$31,Data!$G$2:$G$31,"plant_based_fat",Data!$H$2:$H$31,"plant_based")+SUMIFS(Data!$R$2:$R$31,Data!$G$2:$G$31,"plant_based_fat",Data!$H$2:$H$31,"animal_based"))) | G19: =IF(SUMIFS(Data!$R$2:$R$31,Data!$G$2:$G$31,"plant_based_fat",Data!$H$2:$H$31,"plant_based")+SUMIFS(Data!$R$2:$R$31,Data!$G$2:$G$31,"plant_based_fat",Data!$H$2:$H$31,"animal_based")=0,"",SUMIFS(Data!$R$2:$R$31,Data!$G$2:$G$31,"plant_based_fat",Data!$H$2:$H$31,"animal_based")/(SUMIFS(Data!$R$2:$R$31,Data!$G$2:$G$31,"plant_based_fat",Data!$H$2:$H$31,"plant_based")+SUMIFS(Data!$R$2:$R$31,Data!$G$2:$G$31,"plant_based_fat",Data!$H$2:$H$31,"animal_based")))
A20: FG5 · whole_grain | B20: =SUMIFS(Data!$R$2:$R$31,Data!$G$2:$G$31,"whole_grain")/1000 | C20: =D20+E20 | D20: =SUMIFS(Data!$S$2:$S$31,Data!$G$2:$G$31,"whole_grain")/1000 | E20: =SUMIFS(Data!$T$2:$T$31,Data!$G$2:$G$31,"whole_grain")/1000 | F20: =IF(SUMIFS(Data!$R$2:$R$31,Data!$G$2:$G$31,"whole_grain",Data!$H$2:$H$31,"plant_based")+SUMIFS(Data!$R$2:$R$31,Data!$G$2:$G$31,"whole_grain",Data!$H$2:$H$31,"animal_based")=0,"",SUMIFS(Data!$R$2:$R$31,Data!$G$2:$G$31,"whole_grain",Data!$H$2:$H$31,"plant_based")/(SUMIFS(Data!$R$2:$R$31,Data!$G$2:$G$31,"whole_grain",Data!$H$2:$H$31,"plant_based")+SUMIFS(Data!$R$2:$R$31,Data!$G$2:$G$31,"whole_grain",Data!$H$2:$H$31,"animal_based"))) | G20: =IF(SUMIFS(Data!$R$2:$R$31,Data!$G$2:$G$31,"whole_grain",Data!$H$2:$H$31,"plant_based")+SUMIFS(Data!$R$2:$R$31,Data!$G$2:$G$31,"whole_grain",Data!$H$2:$H$31,"animal_based")=0,"",SUMIFS(Data!$R$2:$R$31,Data!$G$2:$G$31,"whole_grain",Data!$H$2:$H$31,"animal_based")/(SUMIFS(Data!$R$2:$R$31,Data!$G$2:$G$31,"whole_grain",Data!$H$2:$H$31,"plant_based")+SUMIFS(Data!$R$2:$R$31,Data!$G$2:$G$31,"whole_grain",Data!$H$2:$H$31,"animal_based")))
A21: FG5 · refined_grain | B21: =SUMIFS(Data!$R$2:$R$31,Data!$G$2:$G$31,"refined_grain")/1000 | C21: =D21+E21 | D21: =SUMIFS(Data!$S$2:$S$31,Data!$G$2:$G$31,"refined_grain")/1000 | E21: =SUMIFS(Data!$T$2:$T$31,Data!$G$2:$G$31,"refined_grain")/1000 | F21: =IF(SUMIFS(Data!$R$2:$R$31,Data!$G$2:$G$31,"refined_grain",Data!$H$2:$H$31,"plant_based")+SUMIFS(Data!$R$2:$R$31,Data!$G$2:$G$31,"refined_grain",Data!$H$2:$H$31,"animal_based")=0,"",SUMIFS(Data!$R$2:$R$31,Data!$G$2:$G$31,"refined_grain",Data!$H$2:$H$31,"plant_based")/(SUMIFS(Data!$R$2:$R$31,Data!$G$2:$G$31,"refined_grain",Data!$H$2:$H$31,"plant_based")+SUMIFS(Data!$R$2:$R$31,Data!$G$2:$G$31,"refined_grain",Data!$H$2:$H$31,"animal_based"))) | G21: =IF(SUMIFS(Data!$R$2:$R$31,Data!$G$2:$G$31,"refined_grain",Data!$H$2:$H$31,"plant_based")+SUMIFS(Data!$R$2:$R$31,Data!$G$2:$G$31,"refined_grain",Data!$H$2:$H$31,"animal_based")=0,"",SUMIFS(Data!$R$2:$R$31,Data!$G$2:$G$31,"refined_grain",Data!$H$2:$H$31,"animal_based")/(SUMIFS(Data!$R$2:$R$31,Data!$G$2:$G$31,"refined_grain",Data!$H$2:$H$31,"plant_based")+SUMIFS(Data!$R$2:$R$31,Data!$G$2:$G$31,"refined_grain",Data!$H$2:$H$31,"animal_based")))
A23: Food groups FG4, FG6 and FG7 have no subgroup and therefore do not appear above; they are detailed on the WWF tab.
A25: Retailer categories
A27: Category | B27: Mass (t) | C27: Protein (t) | D27: Plant protein (t) | E27: Animal protein (t) | F27: Plant share | G27: Animal share
A28: Pasta | B28: =SUMIFS(Data!$R$2:$R$31,Data!$E$2:$E$31,A28)/1000 | C28: =D28+E28 | D28: =SUMIFS(Data!$S$2:$S$31,Data!$E$2:$E$31,A28)/1000 | E28: =SUMIFS(Data!$T$2:$T$31,Data!$E$2:$E$31,A28)/1000 | F28: =IF(C28=0,"",D28/C28) | G28: =IF(C28=0,"",E28/C28)
A29: Milk | B29: =SUMIFS(Data!$R$2:$R$31,Data!$E$2:$E$31,A29)/1000 | C29: =D29+E29 | D29: =SUMIFS(Data!$S$2:$S$31,Data!$E$2:$E$31,A29)/1000 | E29: =SUMIFS(Data!$T$2:$T$31,Data!$E$2:$E$31,A29)/1000 | F29: =IF(C29=0,"",D29/C29) | G29: =IF(C29=0,"",E29/C29)
A30: Eggs | B30: =SUMIFS(Data!$R$2:$R$31,Data!$E$2:$E$31,A30)/1000 | C30: =D30+E30 | D30: =SUMIFS(Data!$S$2:$S$31,Data!$E$2:$E$31,A30)/1000 | E30: =SUMIFS(Data!$T$2:$T$31,Data!$E$2:$E$31,A30)/1000 | F30: =IF(C30=0,"",D30/C30) | G30: =IF(C30=0,"",E30/C30)
A31: Chicken | B31: =SUMIFS(Data!$R$2:$R$31,Data!$E$2:$E$31,A31)/1000 | C31: =D31+E31 | D31: =SUMIFS(Data!$S$2:$S$31,Data!$E$2:$E$31,A31)/1000 | E31: =SUMIFS(Data!$T$2:$T$31,Data!$E$2:$E$31,A31)/1000 | F31: =IF(C31=0,"",D31/C31) | G31: =IF(C31=0,"",E31/C31)
A32: Minced beef | B32: =SUMIFS(Data!$R$2:$R$31,Data!$E$2:$E$31,A32)/1000 | C32: =D32+E32 | D32: =SUMIFS(Data!$S$2:$S$31,Data!$E$2:$E$31,A32)/1000 | E32: =SUMIFS(Data!$T$2:$T$31,Data!$E$2:$E$31,A32)/1000 | F32: =IF(C32=0,"",D32/C32) | G32: =IF(C32=0,"",E32/C32)
A33: Cooked ham | B33: =SUMIFS(Data!$R$2:$R$31,Data!$E$2:$E$31,A33)/1000 | C33: =D33+E33 | D33: =SUMIFS(Data!$S$2:$S$31,Data!$E$2:$E$31,A33)/1000 | E33: =SUMIFS(Data!$T$2:$T$31,Data!$E$2:$E$31,A33)/1000 | F33: =IF(C33=0,"",D33/C33) | G33: =IF(C33=0,"",E33/C33)
A34: Soft cheese | B34: =SUMIFS(Data!$R$2:$R$31,Data!$E$2:$E$31,A34)/1000 | C34: =D34+E34 | D34: =SUMIFS(Data!$S$2:$S$31,Data!$E$2:$E$31,A34)/1000 | E34: =SUMIFS(Data!$T$2:$T$31,Data!$E$2:$E$31,A34)/1000 | F34: =IF(C34=0,"",D34/C34) | G34: =IF(C34=0,"",E34/C34)
A35: Sandwich bread | B35: =SUMIFS(Data!$R$2:$R$31,Data!$E$2:$E$31,A35)/1000 | C35: =D35+E35 | D35: =SUMIFS(Data!$S$2:$S$31,Data!$E$2:$E$31,A35)/1000 | E35: =SUMIFS(Data!$T$2:$T$31,Data!$E$2:$E$31,A35)/1000 | F35: =IF(C35=0,"",D35/C35) | G35: =IF(C35=0,"",E35/C35)
A36: Pizzas | B36: =SUMIFS(Data!$R$2:$R$31,Data!$E$2:$E$31,A36)/1000 | C36: =D36+E36 | D36: =SUMIFS(Data!$S$2:$S$31,Data!$E$2:$E$31,A36)/1000 | E36: =SUMIFS(Data!$T$2:$T$31,Data!$E$2:$E$31,A36)/1000 | F36: =IF(C36=0,"",D36/C36) | G36: =IF(C36=0,"",E36/C36)
A37: Canned fish | B37: =SUMIFS(Data!$R$2:$R$31,Data!$E$2:$E$31,A37)/1000 | C37: =D37+E37 | D37: =SUMIFS(Data!$S$2:$S$31,Data!$E$2:$E$31,A37)/1000 | E37: =SUMIFS(Data!$T$2:$T$31,Data!$E$2:$E$31,A37)/1000 | F37: =IF(C37=0,"",D37/C37) | G37: =IF(C37=0,"",E37/C37)
A38: Spreads | B38: =SUMIFS(Data!$R$2:$R$31,Data!$E$2:$E$31,A38)/1000 | C38: =D38+E38 | D38: =SUMIFS(Data!$S$2:$S$31,Data!$E$2:$E$31,A38)/1000 | E38: =SUMIFS(Data!$T$2:$T$31,Data!$E$2:$E$31,A38)/1000 | F38: =IF(C38=0,"",D38/C38) | G38: =IF(C38=0,"",E38/C38)
A39: Cereals | B39: =SUMIFS(Data!$R$2:$R$31,Data!$E$2:$E$31,A39)/1000 | C39: =D39+E39 | D39: =SUMIFS(Data!$S$2:$S$31,Data!$E$2:$E$31,A39)/1000 | E39: =SUMIFS(Data!$T$2:$T$31,Data!$E$2:$E$31,A39)/1000 | F39: =IF(C39=0,"",D39/C39) | G39: =IF(C39=0,"",E39/C39)
... A55: Soft drinks | B55: =SUMIFS(Data!$R$2:$R$31,Data!$E$2:$E$31,A55)/1000 | C55: =D55+E55 | D55: =SUMIFS(Data!$S$2:$S$31,Data!$E$2:$E$31,A55)/1000 | E55: =SUMIFS(Data!$T$2:$T$31,Data!$E$2:$E$31,A55)/1000 | F55: =IF(C55=0,"",D55/C55) | G55: =IF(C55=0,"",E55/C55)

Sheet By department
A1: BY DEPARTMENT
A3: Department | B3: Mass (t) | C3: Protein (t) | D3: Plant protein (t) | E3: Animal protein (t) | F3: Plant share | G3: Animal share
A4: Grocery | B4: =SUMIFS(Data!$R$2:$R$31,Data!$D$2:$D$31,A4)/1000 | C4: =D4+E4 | D4: =SUMIFS(Data!$S$2:$S$31,Data!$D$2:$D$31,A4)/1000 | E4: =SUMIFS(Data!$T$2:$T$31,Data!$D$2:$D$31,A4)/1000 | F4: =IF(C4=0,"",D4/C4) | G4: =IF(C4=0,"",E4/C4)
A5: Dairy | B5: =SUMIFS(Data!$R$2:$R$31,Data!$D$2:$D$31,A5)/1000 | C5: =D5+E5 | D5: =SUMIFS(Data!$S$2:$S$31,Data!$D$2:$D$31,A5)/1000 | E5: =SUMIFS(Data!$T$2:$T$31,Data!$D$2:$D$31,A5)/1000 | F5: =IF(C5=0,"",D5/C5) | G5: =IF(C5=0,"",E5/C5)
A6: Poultry | B6: =SUMIFS(Data!$R$2:$R$31,Data!$D$2:$D$31,A6)/1000 | C6: =D6+E6 | D6: =SUMIFS(Data!$S$2:$S$31,Data!$D$2:$D$31,A6)/1000 | E6: =SUMIFS(Data!$T$2:$T$31,Data!$D$2:$D$31,A6)/1000 | F6: =IF(C6=0,"",D6/C6) | G6: =IF(C6=0,"",E6/C6)
A7: Butchery | B7: =SUMIFS(Data!$R$2:$R$31,Data!$D$2:$D$31,A7)/1000 | C7: =D7+E7 | D7: =SUMIFS(Data!$S$2:$S$31,Data!$D$2:$D$31,A7)/1000 | E7: =SUMIFS(Data!$T$2:$T$31,Data!$D$2:$D$31,A7)/1000 | F7: =IF(C7=0,"",D7/C7) | G7: =IF(C7=0,"",E7/C7)
A8: Deli | B8: =SUMIFS(Data!$R$2:$R$31,Data!$D$2:$D$31,A8)/1000 | C8: =D8+E8 | D8: =SUMIFS(Data!$S$2:$S$31,Data!$D$2:$D$31,A8)/1000 | E8: =SUMIFS(Data!$T$2:$T$31,Data!$D$2:$D$31,A8)/1000 | F8: =IF(C8=0,"",D8/C8) | G8: =IF(C8=0,"",E8/C8)
A9: Breakfast | B9: =SUMIFS(Data!$R$2:$R$31,Data!$D$2:$D$31,A9)/1000 | C9: =D9+E9 | D9: =SUMIFS(Data!$S$2:$S$31,Data!$D$2:$D$31,A9)/1000 | E9: =SUMIFS(Data!$T$2:$T$31,Data!$D$2:$D$31,A9)/1000 | F9: =IF(C9=0,"",D9/C9) | G9: =IF(C9=0,"",E9/C9)
A10: Cheese | B10: =SUMIFS(Data!$R$2:$R$31,Data!$D$2:$D$31,A10)/1000 | C10: =D10+E10 | D10: =SUMIFS(Data!$S$2:$S$31,Data!$D$2:$D$31,A10)/1000 | E10: =SUMIFS(Data!$T$2:$T$31,Data!$D$2:$D$31,A10)/1000 | F10: =IF(C10=0,"",D10/C10) | G10: =IF(C10=0,"",E10/C10)
A11: Bakery | B11: =SUMIFS(Data!$R$2:$R$31,Data!$D$2:$D$31,A11)/1000 | C11: =D11+E11 | D11: =SUMIFS(Data!$S$2:$S$31,Data!$D$2:$D$31,A11)/1000 | E11: =SUMIFS(Data!$T$2:$T$31,Data!$D$2:$D$31,A11)/1000 | F11: =IF(C11=0,"",D11/C11) | G11: =IF(C11=0,"",E11/C11)
A12: Frozen | B12: =SUMIFS(Data!$R$2:$R$31,Data!$D$2:$D$31,A12)/1000 | C12: =D12+E12 | D12: =SUMIFS(Data!$S$2:$S$31,Data!$D$2:$D$31,A12)/1000 | E12: =SUMIFS(Data!$T$2:$T$31,Data!$D$2:$D$31,A12)/1000 | F12: =IF(C12=0,"",D12/C12) | G12: =IF(C12=0,"",E12/C12)
A13: Plant-based | B13: =SUMIFS(Data!$R$2:$R$31,Data!$D$2:$D$31,A13)/1000 | C13: =D13+E13 | D13: =SUMIFS(Data!$S$2:$S$31,Data!$D$2:$D$31,A13)/1000 | E13: =SUMIFS(Data!$T$2:$T$31,Data!$D$2:$D$31,A13)/1000 | F13: =IF(C13=0,"",D13/C13) | G13: =IF(C13=0,"",E13/C13)
A14: Ready meals | B14: =SUMIFS(Data!$R$2:$R$31,Data!$D$2:$D$31,A14)/1000 | C14: =D14+E14 | D14: =SUMIFS(Data!$S$2:$S$31,Data!$D$2:$D$31,A14)/1000 | E14: =SUMIFS(Data!$T$2:$T$31,Data!$D$2:$D$31,A14)/1000 | F14: =IF(C14=0,"",D14/C14) | G14: =IF(C14=0,"",E14/C14)
A15: Snacks | B15: =SUMIFS(Data!$R$2:$R$31,Data!$D$2:$D$31,A15)/1000 | C15: =D15+E15 | D15: =SUMIFS(Data!$S$2:$S$31,Data!$D$2:$D$31,A15)/1000 | E15: =SUMIFS(Data!$T$2:$T$31,Data!$D$2:$D$31,A15)/1000 | F15: =IF(C15=0,"",D15/C15) | G15: =IF(C15=0,"",E15/C15)
... A18: Household | B18: =SUMIFS(Data!$R$2:$R$31,Data!$D$2:$D$31,A18)/1000 | C18: =D18+E18 | D18: =SUMIFS(Data!$S$2:$S$31,Data!$D$2:$D$31,A18)/1000 | E18: =SUMIFS(Data!$T$2:$T$31,Data!$D$2:$D$31,A18)/1000 | F18: =IF(C18=0,"",D18/C18) | G18: =IF(C18=0,"",E18/C18)

Sheet By brand
A1: BY BRAND
A3: Brand | B3: Mass (t) | C3: Protein (t) | D3: Plant protein (t) | E3: Animal protein (t) | F3: Plant share | G3: Animal share
A4: Barilla | B4: =SUMIFS(Data!$R$2:$R$31,Data!$C$2:$C$31,A4)/1000 | C4: =D4+E4 | D4: =SUMIFS(Data!$S$2:$S$31,Data!$C$2:$C$31,A4)/1000 | E4: =SUMIFS(Data!$T$2:$T$31,Data!$C$2:$C$31,A4)/1000 | F4: =IF(C4=0,"",D4/C4) | G4: =IF(C4=0,"",E4/C4)
A5: Lactel | B5: =SUMIFS(Data!$R$2:$R$31,Data!$C$2:$C$31,A5)/1000 | C5: =D5+E5 | D5: =SUMIFS(Data!$S$2:$S$31,Data!$C$2:$C$31,A5)/1000 | E5: =SUMIFS(Data!$T$2:$T$31,Data!$C$2:$C$31,A5)/1000 | F5: =IF(C5=0,"",D5/C5) | G5: =IF(C5=0,"",E5/C5)
A6: Loué | B6: =SUMIFS(Data!$R$2:$R$31,Data!$C$2:$C$31,A6)/1000 | C6: =D6+E6 | D6: =SUMIFS(Data!$S$2:$S$31,Data!$C$2:$C$31,A6)/1000 | E6: =SUMIFS(Data!$T$2:$T$31,Data!$C$2:$C$31,A6)/1000 | F6: =IF(C6=0,"",D6/C6) | G6: =IF(C6=0,"",E6/C6)
A7: Le Gaulois | B7: =SUMIFS(Data!$R$2:$R$31,Data!$C$2:$C$31,A7)/1000 | C7: =D7+E7 | D7: =SUMIFS(Data!$S$2:$S$31,Data!$C$2:$C$31,A7)/1000 | E7: =SUMIFS(Data!$T$2:$T$31,Data!$C$2:$C$31,A7)/1000 | F7: =IF(C7=0,"",D7/C7) | G7: =IF(C7=0,"",E7/C7)
A8: Charal | B8: =SUMIFS(Data!$R$2:$R$31,Data!$C$2:$C$31,A8)/1000 | C8: =D8+E8 | D8: =SUMIFS(Data!$S$2:$S$31,Data!$C$2:$C$31,A8)/1000 | E8: =SUMIFS(Data!$T$2:$T$31,Data!$C$2:$C$31,A8)/1000 | F8: =IF(C8=0,"",D8/C8) | G8: =IF(C8=0,"",E8/C8)
A9: Herta | B9: =SUMIFS(Data!$R$2:$R$31,Data!$C$2:$C$31,A9)/1000 | C9: =D9+E9 | D9: =SUMIFS(Data!$S$2:$S$31,Data!$C$2:$C$31,A9)/1000 | E9: =SUMIFS(Data!$T$2:$T$31,Data!$C$2:$C$31,A9)/1000 | F9: =IF(C9=0,"",D9/C9) | G9: =IF(C9=0,"",E9/C9)
A10: Président | B10: =SUMIFS(Data!$R$2:$R$31,Data!$C$2:$C$31,A10)/1000 | C10: =D10+E10 | D10: =SUMIFS(Data!$S$2:$S$31,Data!$C$2:$C$31,A10)/1000 | E10: =SUMIFS(Data!$T$2:$T$31,Data!$C$2:$C$31,A10)/1000 | F10: =IF(C10=0,"",D10/C10) | G10: =IF(C10=0,"",E10/C10)
A11: Harrys | B11: =SUMIFS(Data!$R$2:$R$31,Data!$C$2:$C$31,A11)/1000 | C11: =D11+E11 | D11: =SUMIFS(Data!$S$2:$S$31,Data!$C$2:$C$31,A11)/1000 | E11: =SUMIFS(Data!$T$2:$T$31,Data!$C$2:$C$31,A11)/1000 | F11: =IF(C11=0,"",D11/C11) | G11: =IF(C11=0,"",E11/C11)
A12: Buitoni | B12: =SUMIFS(Data!$R$2:$R$31,Data!$C$2:$C$31,A12)/1000 | C12: =D12+E12 | D12: =SUMIFS(Data!$S$2:$S$31,Data!$C$2:$C$31,A12)/1000 | E12: =SUMIFS(Data!$T$2:$T$31,Data!$C$2:$C$31,A12)/1000 | F12: =IF(C12=0,"",D12/C12) | G12: =IF(C12=0,"",E12/C12)
A13: Petit Navire | B13: =SUMIFS(Data!$R$2:$R$31,Data!$C$2:$C$31,A13)/1000 | C13: =D13+E13 | D13: =SUMIFS(Data!$S$2:$S$31,Data!$C$2:$C$31,A13)/1000 | E13: =SUMIFS(Data!$T$2:$T$31,Data!$C$2:$C$31,A13)/1000 | F13: =IF(C13=0,"",D13/C13) | G13: =IF(C13=0,"",E13/C13)
A14: Nutella | B14: =SUMIFS(Data!$R$2:$R$31,Data!$C$2:$C$31,A14)/1000 | C14: =D14+E14 | D14: =SUMIFS(Data!$S$2:$S$31,Data!$C$2:$C$31,A14)/1000 | E14: =SUMIFS(Data!$T$2:$T$31,Data!$C$2:$C$31,A14)/1000 | F14: =IF(C14=0,"",D14/C14) | G14: =IF(C14=0,"",E14/C14)
A15: Quaker | B15: =SUMIFS(Data!$R$2:$R$31,Data!$C$2:$C$31,A15)/1000 | C15: =D15+E15 | D15: =SUMIFS(Data!$S$2:$S$31,Data!$C$2:$C$31,A15)/1000 | E15: =SUMIFS(Data!$T$2:$T$31,Data!$C$2:$C$31,A15)/1000 | F15: =IF(C15=0,"",D15/C15) | G15: =IF(C15=0,"",E15/C15)
... A33: Pringles | B33: =SUMIFS(Data!$R$2:$R$31,Data!$C$2:$C$31,A33)/1000 | C33: =D33+E33 | D33: =SUMIFS(Data!$S$2:$S$31,Data!$C$2:$C$31,A33)/1000 | E33: =SUMIFS(Data!$T$2:$T$31,Data!$C$2:$C$31,A33)/1000 | F33: =IF(C33=0,"",D33/C33) | G33: =IF(C33=0,"",E33/C33)

Sheet By product
A1: BY PRODUCT · the 10 products carrying the most plant protein and the 10 carrying the most animal protein
A3: The 10 products carrying the most plant protein
A5: EAN 13 | B5: Product | C5: Brand | D5: Category | E5: Food group | F5: Unit weight (kg) | G5: Volume sold (units) | H5: Protein (g/100 g) | I5: Plant protein (t) | J5: Animal protein (t) | K5: Plant share (protein)
A6: 8076800195057 | B6: Spaghetti n°5, 500 g | C6: Barilla | D6: Pasta | E6: FG5 | F6: =Data!O4 | G6: =Data!Q4 | H6: =Data!L4 | I6: =Data!S4/1000 | J6: =Data!T4/1000 | K6: =IF(I6+J6=0,"",I6/(I6+J6))
A7: 3228857000852 | B7: Crustless white sandwich bread, 500 g | C7: Harrys | D7: Sandwich bread | E7: FG5 | F7: =Data!O9 | G7: =Data!Q9 | H7: =Data!L9 | I7: =Data!S9/1000 | J7: =Data!T9/1000 | K7: =IF(I7+J7=0,"",I7/(I7+J7))
A8: 3017620422003 | B8: Nutella hazelnut spread, 400 g | C8: Nutella | D8: Spreads | E8: FG7 | F8: =Data!O12 | G8: =Data!Q12 | H8: =Data!L12 | I8: =Data!S12/1000 | J8: =Data!T12/1000 | K8: =IF(I8+J8=0,"",I8/(I8+J8))
A9: 8710100426588 | B9: Rolled oats, 800 g | C9: Quaker | D9: Cereals | E9: FG5 | F9: =Data!O28 | G9: =Data!Q28 | H9: =Data!L28 | I9: =Data!S28/1000 | J9: =Data!T28/1000 | K9: =IF(I9+J9=0,"",I9/(I9+J9))
A10: 7613034223852 | B10: Fraîch'Up four-cheese pizza, 600 g | C10: Buitoni | D10: Pizzas | E10: not applicable | F10: =Data!O20 | G10: =Data!Q20 | H10: =Data!L20 | I10: =Data!S20/1000 | J10: =Data!T20/1000 | K10: =IF(I10+J10=0,"",I10/(I10+J10))
A11: 5411188079996 | B11: Soy drink, no sugars, 1 L | C11: Alpro | D11: Plant drinks | E11: FG2 | F11: =Data!O22 | G11: =Data!Q22 | H11: =Data!L22 | I11: =Data!S22/1000 | J11: =Data!T22/1000 | K11: =IF(I11+J11=0,"",I11/(I11+J11))
A12: 7613034897930 | B12: Instant mashed potato, plain, 4 × 130 g | C12: Mousline | D12: Potato flakes | E12: FG6 | F12: =Data!O27 | G12: =Data!Q27 | H12: =Data!L27 | I12: =Data!S27/1000 | J12: =Data!T27/1000 | K12: =IF(I12+J12=0,"",I12/(I12+J12))
A13: 3083681085891 | B13: Steamed lentils, 265 g | C13: Bonduelle | D13: Canned pulses | E13: FG1 | F13: =Data!O26 | G13: =Data!Q26 | H13: =Data!L26 | I13: =Data!S26/1000 | J13: =Data!T26/1000 | K13: =IF(I13+J13=0,"",I13/(I13+J13))
A14: 3017800078662 | B14: Extra fine garden peas, 280 g | C14: D'aucy | D14: Canned vegetables | E14: FG1 | F14: =Data!O19 | G14: =Data!Q19 | H14: =Data!L19 | I14: =Data!S19/1000 | J14: =Data!T19/1000 | K14: =IF(I14+J14=0,"",I14/(I14+J14))
A15: 3168930167983 | B15: Ready salted crisps, 155 g | C15: Lay's | D15: Crisps | E15: FG7 | F15: =Data!O16 | G15: =Data!Q16 | H15: =Data!L16 | I15: =Data!S16/1000 | J15: =Data!T16/1000 | K15: =IF(I15+J15=0,"",I15/(I15+J15))
A18: The 10 products carrying the most animal protein
A20: EAN 13 | B20: Product | C20: Brand | D20: Category | E20: Food group | F20: Unit weight (kg) | G20: Volume sold (units) | H20: Protein (g/100 g) | I20: Plant protein (t) | J20: Animal protein (t) | K20: Plant share (protein)
A21: 3428273980046 | B21: Matin Léger semi-skimmed milk, 1 L | C21: Lactel | D21: Milk | E21: FG2 | F21: =Data!O2 | G21: =Data!Q2 | H21: =Data!L2 | I21: =Data!S2/1000 | J21: =Data!T2/1000 | K21: =IF(I21+J21=0,"",I21/(I21+J21))
A22: 3251320080617 | B22: 6 free-range eggs, Label Rouge | C22: Loué | D22: Eggs | E22: FG1 | F22: =Data!O6 | G22: =Data!Q6 | H22: =Data!L6 | I22: =Data!S6/1000 | J22: =Data!T6/1000 | K22: =IF(I22+J22=0,"",I22/(I22+J22))
A23: 3266980891411 | B23: Chicken breast fillets, 300 g | C23: Le Gaulois | D23: Chicken | E23: FG1 | F23: =Data!O11 | G23: =Data!Q11 | H23: =Data!L11 | I23: =Data!S11/1000 | J23: =Data!T11/1000 | K23: =IF(I23+J23=0,"",I23/(I23+J23))
A24: 3181232220286 | B24: Minced beef patties 5% fat, 2 × 130 g | C24: Charal | D24: Minced beef | E24: FG1 | F24: =Data!O7 | G24: =Data!Q7 | H24: =Data!L7 | I24: =Data!S7/1000 | J24: =Data!T7/1000 | K24: =IF(I24+J24=0,"",I24/(I24+J24))
A25: 3154230809302 | B25: Le Bon Paris cooked ham, 4 slices | C25: Herta | D25: Cooked ham | E25: FG1 | F25: =Data!O5 | G25: =Data!Q5 | H25: =Data!L5 | I25: =Data!S5/1000 | J25: =Data!T5/1000 | K25: =IF(I25+J25=0,"",I25/(I25+J25))
A26: 3228021170039 | B26: Camembert, 250 g | C26: Président | D26: Soft cheese | E26: FG2 | F26: =Data!O14 | G26: =Data!Q14 | H26: =Data!L14 | I26: =Data!S14/1000 | J26: =Data!T14/1000 | K26: =IF(I26+J26=0,"",I26/(I26+J26))
A27: 3019081239237 | B27: Whole tuna in brine, 160 g | C27: Petit Navire | D27: Canned fish | E27: FG1 | F27: =Data!O17 | G27: =Data!Q17 | H27: =Data!L17 | I27: =Data!S17/1000 | J27: =Data!T17/1000 | K27: =IF(I27+J27=0,"",I27/(I27+J27))
A28: 3033491147067 | B28: Activia natural yogurt, 4 × 125 g | C28: Activia | D28: Yoghurts | E28: FG2 | F28: =Data!O10 | G28: =Data!Q10 | H28: =Data!L10 | I28: =Data!S10/1000 | J28: =Data!T10/1000 | K28: =IF(I28+J28=0,"",I28/(I28+J28))
A29: 7613034223852 | B29: Fraîch'Up four-cheese pizza, 600 g | C29: Buitoni | D29: Pizzas | E29: not applicable | F29: =Data!O20 | G29: =Data!Q20 | H29: =Data!L20 | I29: =Data!S20/1000 | J29: =Data!T20/1000 | K29: =IF(I29+J29=0,"",I29/(I29+J29))
A30: 3166352968591 | B30: Beef lasagne bolognese, 300 g | C30: Marie | D30: Pasta dishes | E30: not applicable | F30: =Data!O24 | G30: =Data!Q24 | H30: =Data!L24 | I30: =Data!S24/1000 | J30: =Data!T24/1000 | K30: =IF(I30+J30=0,"",I30/(I30+J30))

Sheet Data
A1: EAN 13 | B1: Product | C1: Brand | D1: Department | E1: Category | F1: Food group | G1: Subgroup | H1: Origin | I1: Composite product | J1: Composite category | K1: Protein Tracker class | L1: Protein (g/100 g) | M1: of which plant | N1: of which animal | O1: Unit weight (kg) | P1: Sales rank | Q1: Volume sold (units) | R1: Mass (kg) | S1: Plant protein (kg) | T1: Animal protein (kg) | U1: Ingredient list | V1: In WWF scope | W1: In Protein Tracker scope | X1: WWF confidence (/100) | Y1: PT confidence (/100) | Z1: Source of protein value | AA1: Source of protein split | AB1: Data level (A or B) | AC1: Dairy equivalent factor | AD1: Dairy equivalent mass (kg)
A2: 3428273980046 | B2: Matin Léger semi-skimmed milk, 1 L | C2: Lactel | D2: Dairy | E2: Milk | F2: FG2 | G2: dairy_animal | H2: animal_based | I2: No | J2: not applicable | K2: animal_core | L2: 3.3 | M2: 0 | N2: 3.3 | O2: 1 | P2: 1 | Q2: =IFERROR(VLOOKUP(A2,Welcome!$B$33:$D$62,3,FALSE),0) | R2: =IF(N(Q2)*N(O2)=0,0,Q2*O2) | S2: =R2*N(M2)/100 | T2: =R2*N(N2)/100 | V2: Yes | W2: Yes | X2: Altera reference database | Y2: Altera reference database | Z2: retailer | AA2: deduced from the origin of the product · the protein follows its single side | AB2: A | AC2: 1 | AD2: =R2*N(AC2)
A3: 5449000214911 | B3: Coca-Cola Original, 33 cl | C3: Coca-Cola | D3: Drinks | E3: Soft drinks | F3: outside WWF scope | G3: outside WWF scope | H3: outside WWF scope | I3: outside WWF scope | J3: outside WWF scope | K3: plant_non_core | L3: 0 | M3: 0 | N3: 0 | O3: 0.33 | P3: 2 | Q3: =IFERROR(VLOOKUP(A3,Welcome!$B$33:$D$62,3,FALSE),0) | R3: =IF(N(Q3)*N(O3)=0,0,Q3*O3) | S3: =R3*N(M3)/100 | T3: =R3*N(N3)/100 | U3: Carbonated water; sugar; colour: E150d; acid: phosphoric acid; natural flavourings; caffeine flavouring. | V3: No | W3: Yes | X3: outside scope | Y3: Altera reference database | Z3: retailer | AA3: no protein | AB3: A | AC3: 1 | AD3: =R3*N(AC3)
A4: 8076800195057 | B4: Spaghetti n°5, 500 g | C4: Barilla | D4: Grocery | E4: Pasta | F4: FG5 | G4: refined_grain | H4: plant_based | I4: No | J4: not applicable | K4: plant_non_core | L4: 65 | M4: 65 | N4: 0 | O4: 0.5 | P4: 3 | Q4: =IFERROR(VLOOKUP(A4,Welcome!$B$33:$D$62,3,FALSE),0) | R4: =IF(N(Q4)*N(O4)=0,0,Q4*O4) | S4: =R4*N(M4)/100 | T4: =R4*N(N4)/100 | U4: Durum WHEAT semolina. May contain traces of SOY and MUSTARD. | V4: Yes | W4: Yes | X4: Altera reference database | Y4: Altera reference database | Z4: retailer · implausible (per-pack figure), kept as declared: to confirm | AA4: exact · all ingredients on the same side | AB4: A | AC4: 1 | AD4: =R4*N(AC4)
A5: 3154230809302 | B5: Le Bon Paris cooked ham, 4 slices | C5: Herta | D5: Deli | E5: Cooked ham | F5: FG1 | G5: red_meat | H5: animal_based | I5: No | J5: not applicable | K5: animal_core | L5: 21 | M5: 0 | N5: 21 | O5: 0.17 | P5: 4 | Q5: =IFERROR(VLOOKUP(A5,Welcome!$B$33:$D$62,3,FALSE),0) | R5: =IF(N(Q5)*N(O5)=0,0,Q5*O5) | S5: =R5*N(M5)/100 | T5: =R5*N(N5)/100 | U5: Fresh pork ham, salt, dextrose, stock (water, salt, pork rind, onion, carrot, pork meat and bones, spices and herbs, garlic), antioxidant: sodium erythorbate, preservative: sodium nitrite. | V5: Yes | W5: Yes | X5: Altera reference database | Y5: Altera reference database | Z5: Altera reference database | AA5: exact · all ingredients on the same side | AB5: A | AC5: 1 | AD5: =R5*N(AC5)
A6: 3251320080617 | B6: 6 free-range eggs, Label Rouge | C6: Loué | D6: Dairy | E6: Eggs | F6: FG1 | G6: eggs | H6: animal_based | I6: No | J6: not applicable | K6: animal_core | L6: 12.7 | M6: 0 | N6: 12.7 | O6: 0.39 | P6: 5 | Q6: =IFERROR(VLOOKUP(A6,Welcome!$B$33:$D$62,3,FALSE),0) | R6: =IF(N(Q6)*N(O6)=0,0,Q6*O6) | S6: =R6*N(M6)/100 | T6: =R6*N(N6)/100 | V6: Yes | W6: Yes | X6: Altera reference database | Y6: Altera reference database | Z6: Altera reference database | AA6: deduced from the origin of the product · the protein follows its single side | AB6: A | AC6: 1 | AD6: =R6*N(AC6)
A7: 3181232220286 | B7: Minced beef patties 5% fat, 2 × 130 g | C7: Charal | D7: Butchery | E7: Minced beef | F7: FG1 | G7: red_meat | H7: animal_based | I7: No | J7: not applicable | K7: animal_core | L7: 20 | M7: 0 | N7: 20 | O7: 0.26 | P7: 6 | Q7: =IFERROR(VLOOKUP(A7,Welcome!$B$33:$D$62,3,FALSE),0) | R7: =IF(N(Q7)*N(O7)=0,0,Q7*O7) | S7: =R7*N(M7)/100 | T7: =R7*N(N7)/100 | V7: Yes | W7: Yes | X7: Altera reference database | Y7: Altera reference database | Z7: retailer | AA7: deduced from the origin of the product · the protein follows its single side | AB7: A | AC7: 1 | AD7: =R7*N(AC7)
A8: 3119780259625 | B8: Heineken lager, 33 cl | C8: Heineken | D8: Beer & wine | E8: Beer | F8: outside WWF scope | G8: outside WWF scope | H8: outside WWF scope | I8: outside WWF scope | J8: outside WWF scope | K8: plant_non_core | L8: 0 | M8: 0 | N8: 0 | O8: 0.33 | P8: 7 | Q8: =IFERROR(VLOOKUP(A8,Welcome!$B$33:$D$62,3,FALSE),0) | R8: =IF(N(Q8)*N(O8)=0,0,Q8*O8) | S8: =R8*N(M8)/100 | T8: =R8*N(N8)/100 | U8: Water, barley malt, hop extracts, alcohol. | V8: No | W8: Yes | X8: outside scope | Y8: Altera reference database | Z8: retailer | AA8: no protein | AB8: A | AC8: 1 | AD8: =R8*N(AC8)
A9: 3228857000852 | B9: Crustless white sandwich bread, 500 g | C9: Harrys | D9: Bakery | E9: Sandwich bread | F9: FG5 | G9: refined_grain | H9: plant_based | I9: No | J9: not applicable | K9: plant_non_core | L9: 7 | M9: 7 | N9: 0 | O9: 0.5 | P9: 8 | Q9: =IFERROR(VLOOKUP(A9,Welcome!$B$33:$D$62,3,FALSE),0) | R9: =IF(N(Q9)*N(O9)=0,0,Q9*O9) | S9: =R9*N(M9)/100 | T9: =R9*N(N9)/100 | U9: WHEAT flour 63%, water, sugar, rapeseed oil, salt, vinegar, yeast, broad bean flour, WHEAT gluten, flavouring (contains alcohol), acerola extract. May contain traces of EGG, SOY, MILK, NUTS and SESAME SEEDS. | V9: Yes | W9: Yes | X9: 94 | Y9: 94 | Z9: retailer | AA9: exact · all ingredients on the same side | AB9: A | AC9: 1 | AD9: =R9*N(AC9)
A10: 3033491147067 | B10: Activia natural yogurt, 4 × 125 g | C10: Activia | D10: Dairy | E10: Yoghurts | F10: FG2 | G10: dairy_animal | H10: animal_based | I10: No | J10: not applicable | K10: animal_core | L10: 3.4 | M10: 0 | N10: 3.4 | O10: 0.5 | P10: 9 | Q10: =IFERROR(VLOOKUP(A10,Welcome!$B$33:$D$62,3,FALSE),0) | R10: =IF(N(Q10)*N(O10)=0,0,Q10*O10) | S10: =R10*N(M10)/100 | T10: =R10*N(N10)/100 | U10: Partially skimmed MILK 3.2% fat (98.5%), concentrated or powdered skimmed MILK, cultures (including yogurt cultures and Bifidobacterium (MILK)). MILK: origin France | V10: Yes | W10: Yes | X10: Altera reference database | Y10: Altera reference database | Z10: retailer | AA10: exact · all ingredients on the same side | AB10: A | AC10: 1 | AD10: =R10*N(AC10)
A11: 3266980891411 | B11: Chicken breast fillets, 300 g | C11: Le Gaulois | D11: Poultry | E11: Chicken | F11: FG1 | G11: poultry | H11: animal_based | I11: No | J11: not applicable | K11: animal_core | L11: 23 | M11: 0 | N11: 23 | O11: 0.3 | P11: 10 | Q11: =IFERROR(VLOOKUP(A11,Welcome!$B$33:$D$62,3,FALSE),0) | R11: =IF(N(Q11)*N(O11)=0,0,Q11*O11) | S11: =R11*N(M11)/100 | T11: =R11*N(N11)/100 | V11: Yes | W11: Yes | X11: Altera reference database | Y11: Altera reference database | Z11: retailer | AA11: deduced from the origin of the product · the protein follows its single side | AB11: A | AC11: 1 | AD11: =R11*N(AC11)
A12: 3017620422003 | B12: Nutella hazelnut spread, 400 g | C12: Nutella | D12: Breakfast | E12: Spreads | F12: FG7 | G12: not applicable | H12: animal_based | I12: No | J12: not applicable | K12: animal-plant-based composite | L12: 6.3 | M12: 6.3 | N12: 0 | O12: 0.4 | P12: 11 | Q12: =IFERROR(VLOOKUP(A12,Welcome!$B$33:$D$62,3,FALSE),0) | R12: =IF(N(Q12)*N(O12)=0,0,Q12*O12) | S12: =R12*N(M12)/100 | T12: =R12*N(N12)/100 | U12: Potatoes (66%), vegetable oils (sunflower, rapeseed, maize in varying proportions), salt | V12: Yes | W12: Yes | X12: Altera reference database | Y12: Altera reference database | Z12: retailer | AA12: exact · percentages declared in the ingredient list | AB12: A | AC12: 1 | AD12: =R12*N(AC12)
A13: 3412290015980 | B13: Unsalted butter, 250 g | C13: Paysan Breton | D13: Dairy | E13: Butter | F13: FG3 | G13: animal_based_fat | H13: animal_based | I13: No | J13: not applicable | K13: animal_core | L13: 0.8 | M13: 0 | N13: 0.8 | O13: 0.25 | P13: 12 | Q13: =IFERROR(VLOOKUP(A13,Welcome!$B$33:$D$62,3,FALSE),0) | R13: =IF(N(Q13)*N(O13)=0,0,Q13*O13) | S13: =R13*N(M13)/100 | T13: =R13*N(N13)/100 | V13: Yes | W13: Yes | X13: Altera reference database | Y13: Altera reference database | Z13: retailer | AA13: deduced from the origin of the product · the protein follows its single side | AB13: A | AC13: 1 | AD13: =R13*N(AC13)
A14: 3228021170039 | B14: Camembert, 250 g | C14: Président | D14: Cheese | E14: Soft cheese | F14: FG2 | G14: dairy_animal | H14: animal_based | I14: No | J14: not applicable | K14: animal_core | L14: 20 | M14: 0 | N14: 20 | O14: 0.25 | P14: 13 | Q14: =IFERROR(VLOOKUP(A14,Welcome!$B$33:$D$62,3,FALSE),0) | R14: =IF(N(Q14)*N(O14)=0,0,Q14*O14) | S14: =R14*N(M14)/100 | T14: =R14*N(N14)/100 | V14: Yes | W14: Yes | X14: 97 | Y14: 97 | Z14: retailer | AA14: deduced from the origin of the product · the protein follows its single side | AB14: A | AC14: 10 | AD14: =R14*N(AC14)
A15: 5053990155354 | B15: Pringles Sour Cream & Onion, 175 g | C15: Pringles | D15: Snacks | E15: Crisps | F15: FG7 | G15: not applicable | H15: animal_based | I15: No | J15: not applicable | K15: animal-plant-based composite | L15: 6 | M15: 5.52 | N15: 0.48 | P15: 14 | Q15: =IFERROR(VLOOKUP(A15,Welcome!$B$33:$D$62,3,FALSE),0) | R15: =IF(N(Q15)*N(O15)=0,0,Q15*O15) | S15: =R15*N(M15)/100 | T15: =R15*N(N15)/100 | U15: Dehydrated potatoes, vegetable oils (sunflower, maize), rice flour, WHEAT starch, maize flour, sour cream and onion seasoning (WHEAT starch, flavour enhancers {monosodium glutamate, disodium guanylate, disodium inosinate}, onion powder, maltodextrin, salt, dextrose, sugar, sweet whey powder {MILK}, potato starch, modified maize starch, acids {citric acid, lactic acid, malic acid}, sour cream powder {MILK}, flavourings {MILK}, yeast extract, glucose syrup, MILK protein, rice flour), emulsifier (E471), maltodextrin, salt, colour (annatto). | V15: Yes | W15: Yes | X15: 93 | Y15: 93 | Z15: OpenFoodFacts | AA15: NEVO · plant and animal protein of the matched food (Chips, gearomatiseerd) | AB15: A | AC15: 1 | AD15: =R15*N(AC15)
A16: 3168930167983 | B16: Ready salted crisps, 155 g | C16: Lay's | D16: Snacks | E16: Crisps | F16: FG7 | G16: not applicable | H16: plant_based | I16: No | J16: not applicable | K16: plant_non_core | L16: 5.7 | M16: 5.7 | N16: 0 | O16: 0.155 | P16: 15 | Q16: =IFERROR(VLOOKUP(A16,Welcome!$B$33:$D$62,3,FALSE),0) | R16: =IF(N(Q16)*N(O16)=0,0,Q16*O16) | S16: =R16*N(M16)/100 | T16: =R16*N(N16)/100 | U16: Potatoes (66%), vegetable oils (sunflower, rapeseed, maize in varying proportions), salt | V16: Yes | W16: Yes | X16: 97 | Y16: 97 | Z16: retailer | AA16: exact · all ingredients on the same side | AB16: A | AC16: 1 | AD16: =R16*N(AC16)
A17: 3019081239237 | B17: Whole tuna in brine, 160 g | C17: Petit Navire | D17: Grocery | E17: Canned fish | F17: FG1 | G17: seafood | H17: animal_based | I17: No | J17: not applicable | K17: animal_core | L17: 25 | M17: 0 | N17: 25 | O17: 0.16 | P17: 16 | Q17: =IFERROR(VLOOKUP(A17,Welcome!$B$33:$D$62,3,FALSE),0) | R17: =IF(N(Q17)*N(O17)=0,0,Q17*O17) | S17: =R17*N(M17)/100 | T17: =R17*N(N17)/100 | V17: Yes | W17: Yes | X17: 97 | Y17: 97 | Z17: retailer | AA17: deduced from the origin of the product · the protein follows its single side | AB17: A | AC17: 1 | AD17: =R17*N(AC17)
A18: 8005110860508 | B18: Passata di pomodoro, sieved tomatoes, 500 g | C18: Mutti | D18: Grocery | E18: Tomato sauces | F18: FG4 | G18: not applicable | H18: plant_based | I18: No | J18: not applicable | K18: plant_non_core | L18: 1.6 | M18: 1.6 | N18: 0 | O18: 0.5 | P18: 17 | Q18: =IFERROR(VLOOKUP(A18,Welcome!$B$33:$D$62,3,FALSE),0) | R18: =IF(N(Q18)*N(O18)=0,0,Q18*O18) | S18: =R18*N(M18)/100 | T18: =R18*N(N18)/100 | U18: Tomatoes 99.5%, salt | V18: Yes | W18: Yes | X18: 96 | Y18: 96 | Z18: retailer | AA18: exact · all ingredients on the same side | AB18: A | AC18: 1 | AD18: =R18*N(AC18)
A19: 3017800078662 | B19: Extra fine garden peas, 280 g | C19: D'aucy | D19: Grocery | E19: Canned vegetables | F19: FG1 | G19: legumes | H19: plant_based | I19: No | J19: not applicable | K19: plant_core | L19: 5 | M19: 5 | N19: 0 | O19: 0.28 | P19: 18 | Q19: =IFERROR(VLOOKUP(A19,Welcome!$B$33:$D$62,3,FALSE),0) | R19: =IF(N(Q19)*N(O19)=0,0,Q19*O19) | S19: =R19*N(M19)/100 | T19: =R19*N(N19)/100 | V19: Yes | W19: Yes | X19: 93 | Y19: 93 | Z19: CIQUAL | AA19: deduced from the origin of the product · the protein follows its single side | AB19: A | AC19: 1 | AD19: =R19*N(AC19)
A20: 7613034223852 | B20: Fraîch'Up four-cheese pizza, 600 g | C20: Buitoni | D20: Frozen | E20: Pizzas | F20: not applicable | G20: not applicable | H20: not applicable | I20: Yes | J20: vegetarian | K20: animal-plant-based composite | L20: 11.8 | M20: 5.9 | N20: 5.9 | O20: 0.6 | P20: 19 | Q20: =IFERROR(VLOOKUP(A20,Welcome!$B$33:$D$62,3,FALSE),0) | R20: =IF(N(Q20)*N(O20)=0,0,Q20*O20) | S20: =R20*N(M20)/100 | T20: =R20*N(N20)/100 | V20: Yes | W20: Yes | X20: 88 | Y20: 88 | Z20: OpenFoodFacts | AA20: 50/50 by convention · not deducible from the ingredients | AB20: B | AC20: 1 | AD20: =R20*N(AC20)
A21: 7322540819342 | B21: Aqua Tube toilet tissue, 12 rolls | C21: Lotus | D21: Household | E21: Paper | F21: outside WWF scope | G21: outside WWF scope | H21: outside WWF scope | I21: outside WWF scope | J21: outside WWF scope | K21: outside scope · non-food | P21: 20 | Q21: =IFERROR(VLOOKUP(A21,Welcome!$B$33:$D$62,3,FALSE),0) | R21: =IF(N(Q21)*N(O21)=0,0,Q21*O21) | S21: =R21*N(M21)/100 | T21: =R21*N(N21)/100 | V21: No | W21: No | X21: outside scope | Y21: outside scope | Z21: outside scope | AA21: outside scope | AB21: not applicable | AC21: 1 | AD21: =R21*N(AC21)
A22: 5411188079996 | B22: Soy drink, no sugars, 1 L | C22: Alpro | D22: Plant-based | E22: Plant drinks | F22: FG2 | G22: dairy_alternative_plant | H22: plant_based | I22: No | J22: not applicable | K22: plant_core | L22: 3.3 | M22: 3.3 | N22: 0 | O22: 1 | P22: 21 | Q22: =IFERROR(VLOOKUP(A22,Welcome!$B$33:$D$62,3,FALSE),0) | R22: =IF(N(Q22)*N(O22)=0,0,Q22*O22) | S22: =R22*N(M22)/100 | T22: =R22*N(N22)/100 | U22: Soya base (98.8%) [water, hulled soya beans (8.7%)], acidity regulators (potassium phosphates), calcium (calcium carbonate), flavourings, sea salt, stabiliser (gellan gum), vitamin B2, vitamin B12, vitamin D2. | V22: Yes | W22: Yes | X22: Altera reference database | Y22: Altera reference database | Z22: retailer | AA22: exact · all ingredients on the same side | AB22: A | AC22: 1 | AD22: =R22*N(AC22)
A23: 3265471024086 | B23: Cœur de Tournesol sunflower oil, 1 L | C23: Lesieur | D23: Grocery | E23: Oils | F23: FG3 | G23: plant_based_fat | H23: plant_based | I23: No | J23: not applicable | K23: plant_non_core | L23: 0 | M23: 0 | N23: 0 | O23: 1 | P23: 22 | Q23: =IFERROR(VLOOKUP(A23,Welcome!$B$33:$D$62,3,FALSE),0) | R23: =IF(N(Q23)*N(O23)=0,0,Q23*O23) | S23: =R23*N(M23)/100 | T23: =R23*N(N23)/100 | V23: Yes | W23: Yes | X23: Altera reference database | Y23: Altera reference database | Z23: retailer | AA23: no protein | AB23: A | AC23: 1 | AD23: =R23*N(AC23)
A24: 3166352968591 | B24: Beef lasagne bolognese, 300 g | C24: Marie | D24: Ready meals | E24: Pasta dishes | F24: not applicable | G24: not applicable | H24: not applicable | I24: Yes | J24: meat_based | K24: animal_core | L24: 7.5 | M24: 0 | N24: 7.5 | O24: 0.3 | P24: 23 | Q24: =IFERROR(VLOOKUP(A24,Welcome!$B$33:$D$62,3,FALSE),0) | R24: =IF(N(Q24)*N(O24)=0,0,Q24*O24) | S24: =R24*N(M24)/100 | T24: =R24*N(N24)/100 | U24: Béchamel 33% (water, crème fraîche, skimmed milk powder, maize starch, wheat flour, salt, virgin olive oil, nutmeg), cooked fresh lasagne sheets 17.5% (water, durum wheat semolina), water, beef from France 9.1%, double tomato concentrate 5.9%, tomato pulp in juice 5.9% (tomatoes, tomato juice), cooked beef from France 4.8%, onions, emmental 2.7%, vegetable stock [vegetables and vegetable cooking juices (tomatoes, onions, peppers, grilled aubergines, garlic, courgettes), virgin olive oil, salt, pepper], basil 0.8%, Dijon mustard (water, mustard seeds, spirit vinegar, salt), maize starch, garlic, salt, oregano, pepper. | V24: Yes | W24: Yes | X24: 95 | Y24: 95 | Z24: retailer | AA24: follows its Protein Tracker group (animal core) · all animal | AB24: A | AC24: 1 | AD24: =R24*N(AC24)
A25: 7394376616228 | B25: Barista oat drink, 1 L | C25: Oatly | D25: Plant-based | E25: Plant drinks | F25: FG2 | G25: dairy_alternative_plant | H25: plant_based | I25: No | J25: not applicable | K25: plant_core | L25: 1.1 | M25: 1.1 | N25: 0 | O25: 1 | P25: 24 | Q25: =IFERROR(VLOOKUP(A25,Welcome!$B$33:$D$62,3,FALSE),0) | R25: =IF(N(Q25)*N(O25)=0,0,Q25*O25) | S25: =R25*N(M25)/100 | T25: =R25*N(N25)/100 | U25: Water, oats 10%, rapeseed oil, acidity regulator (dipotassium phosphate), minerals (calcium carbonate, potassium iodide), salt, vitamins (D2, riboflavin and B12). | V25: Yes | W25: Yes | X25: 95 | Y25: 95 | Z25: retailer | AA25: exact · all ingredients on the same side | AB25: A | AC25: 1 | AD25: =R25*N(AC25)
A26: 3083681085891 | B26: Steamed lentils, 265 g | C26: Bonduelle | D26: Grocery | E26: Canned pulses | F26: FG1 | G26: legumes | H26: plant_based | I26: No | J26: not applicable | K26: plant_core | L26: 8.7 | M26: 8.7 | N26: 0 | O26: 0.265 | P26: 25 | Q26: =IFERROR(VLOOKUP(A26,Welcome!$B$33:$D$62,3,FALSE),0) | R26: =IF(N(Q26)*N(O26)=0,0,Q26*O26) | S26: =R26*N(M26)/100 | T26: =R26*N(N26)/100 | U26: Soaked dried [green] lentils, water, salt, firming agent: calcium chloride. May contain WHEAT | V26: Yes | W26: Yes | X26: 96 | Y26: 96 | Z26: OpenFoodFacts | AA26: exact · all ingredients on the same side | AB26: A | AC26: 1 | AD26: =R26*N(AC26)
A27: 7613034897930 | B27: Instant mashed potato, plain, 4 × 130 g | C27: Mousline | D27: Grocery | E27: Potato flakes | F27: FG6 | G27: not applicable | H27: plant_based | I27: No | J27: not applicable | K27: plant_non_core | L27: 8.3 | M27: 8.3 | N27: 0 | O27: 0.52 | P27: 26 | Q27: =IFERROR(VLOOKUP(A27,Welcome!$B$33:$D$62,3,FALSE),0) | R27: =IF(N(Q27)*N(O27)=0,0,Q27*O27) | S27: =R27*N(M27)/100 | T27: =R27*N(N27)/100 | V27: Yes | W27: Yes | X27: 89 | Y27: 89 | Z27: CIQUAL | AA27: deduced from the origin of the product · the protein follows its single side | AB27: A | AC27: 1 | AD27: =R27*N(AC27)
A28: 8710100426588 | B28: Rolled oats, 800 g | C28: Quaker | D28: Breakfast | E28: Cereals | F28: FG5 | G28: whole_grain | H28: plant_based | I28: No | J28: not applicable | K28: plant_non_core | L28: 11 | M28: 11 | N28: 0 | O28: 0.8 | P28: 27 | Q28: =IFERROR(VLOOKUP(A28,Welcome!$B$33:$D$62,3,FALSE),0) | R28: =IF(N(Q28)*N(O28)=0,0,Q28*O28) | S28: =R28*N(M28)/100 | T28: =R28*N(N28)/100 | V28: Yes | W28: Yes | X28: 95 | Y28: 95 | Z28: retailer | AA28: deduced from the origin of the product · the protein follows its single side | AB28: A | AC28: 1 | AD28: =R28*N(AC28)
A29: 7613037398083 | B29: Sensational soy mince, 200 g | C29: Garden Gourmet | D29: Plant-based | E29: Meat alternatives | F29: FG1 | G29: meat_egg_seafood_alternatives | H29: plant_based | I29: No | J29: not applicable | K29: plant_core | L29: 15.7 | M29: 15.7 | N29: 0 | O29: 0.2 | P29: 28 | Q29: =IFERROR(VLOOKUP(A29,Welcome!$B$33:$D$62,3,FALSE),0) | R29: =IF(N(Q29)*N(O29)=0,0,Q29*O29) | S29: =R29*N(M29)/100 | T29: =R29*N(N29)/100 | U29: Water, SOY protein concentrate 23.5%, vegetable oils (rapeseed, coconut), acidity regulator: buffered vinegar; stabiliser: methylcellulose; flavourings, vegetable concentrates (beetroot, apple, carrot, hibiscus), salt, BARLEY malt extract, garlic powder, onion powder, black pepper, SOY sauce (SOY, WHEAT, salt). May contain: EGGS. | V29: Yes | W29: Yes | X29: 98 | Y29: 98 | Z29: retailer | AA29: exact · all ingredients on the same side | AB29: A | AC29: 1 | AD29: =R29*N(AC29)
A30: 4008258074008 | B30: Roasted almonds, 150 g | C30: Seeberger | D30: Grocery | E30: Nuts and dried fruit | F30: FG1 | G30: nuts | H30: plant_based | I30: No | J30: not applicable | K30: plant_core | L30: 26 | M30: 26 | N30: 0 | O30: 0.15 | P30: 29 | Q30: =IFERROR(VLOOKUP(A30,Welcome!$B$33:$D$62,3,FALSE),0) | R30: =IF(N(Q30)*N(O30)=0,0,Q30*O30) | S30: =R30*N(M30)/100 | T30: =R30*N(N30)/100 | V30: Yes | W30: Yes | X30: 97 | Y30: 97 | Z30: OpenFoodFacts | AA30: deduced from the origin of the product · the protein follows its single side | AB30: A | AC30: 1 | AD30: =R30*N(AC30)
A31: 4012359144003 | B31: Japanese-style tofu fillets, 160 g | C31: Taifun | D31: Plant-based | E31: Tofu | F31: FG1 | G31: tofu_tempeh_seitan | H31: plant_based | I31: No | J31: not applicable | K31: plant_core | L31: 19 | M31: 19 | N31: 0 | O31: 0.16 | P31: 30 | Q31: =IFERROR(VLOOKUP(A31,Welcome!$B$33:$D$62,3,FALSE),0) | R31: =IF(N(Q31)*N(O31)=0,0,Q31*O31) | S31: =R31*N(M31)/100 | T31: =R31*N(N31)/100 | U31: Tofu* 94% (soya beans* 55%, water, coagulants: magnesium chloride, calcium sulphate), sunflower oil*, vegetable stock (sea salt, yeast extract*, sunflower oil*, leeks*, carrots*, celery*, mace*, nutmeg*, parsley*), concentrated lemon juice*. | V31: Yes | W31: Yes | X31: Altera reference database | Y31: Altera reference database | Z31: Altera reference database | AA31: exact · all ingredients on the same side | AB31: A | AC31: 1 | AD31: =R31*N(AC31)
