Workbook

Sheet Welcome
C1: PROTEIN RATIO Retailer catalogue - example
A5: EXAMPLE - FICTITIOUS DATA
A6: Fifty products, chosen so that every table and every chart in the deliverable is populated. The codes, labels, brands, sales ranks and volumes are invented. The protein contents and the classification are real: that is what this workbook is meant to show.
A8: What this workbook contains | B8: The share of the protein you put on the market that is plant-based, and how it breaks down.
A10: How to use it | B10: Enter your sales volumes in the yellow column, further down this page. All tabs recalculate automatically.
A12: Volumes are pre-filled | B12: An estimate is already in the yellow column so that the workbook shows figures straight away. Replace it with your actual volumes.
A14: ACCURACY | B14: 0.95 | C14: Minimum confidence score of the deliverable, obtained by ensuring that: - The products with the highest volume have been categorised perfectly - Difficult products have been categorised 100% correctly - The categorisation of 500 randomly selected products is above 95%
A19: THE TABS
A20: Protein Tracker | B20: the ratio and the four classes of the GPA methodology
A21: WWF | B21: the seven food groups, whole versus composite, the detail by subgroup
A22: By category | B22: the 60 categories carrying the most protein
A23: By department | B23: the 29 departments
A24: By brand | B24: the 60 brands carrying the most protein
A25: Top and flop | B25: the 50 most plant-based products and the 50 least plant-based
A26: Data | B26: one row per product, 90,000 in total
A30: YOUR SALES VOLUMES - enter them in the yellow column
A31: Sorted by sales rank: item 1 is the one that sells the most.
A32: Sales rank | B32: EAN 13 | C32: Product | D32: Volume sold (kg)
A33: 1 | B33: DEMO000000001 | C33: Out-of-scope product 01 - 9.00 kg | D33: 844378
A34: 2 | B34: DEMO000000002 | C34: Fruit or vegetable 01 - 5.00 kg | D34: 952660
A35: 11 | B35: DEMO000000003 | C35: Refined grain 01 - 1.00 kg | D35: 844378
A36: 26 | B36: DEMO000000004 | C36: Dairy product 01 - 350 g | D36: 844378
A37: 22 | B37: DEMO000000005 | C37: Plant-based fat 01 - 920 g | D37: 457427
A38: 42 | B38: DEMO000000006 | C38: Nuts 01 - 500 g | D38: 142595
A39: 39 | B39: DEMO000000007 | C39: Red meat 01 - 1.00 kg | D39: 131564
A40: 13 | B40: DEMO000000008 | C40: Eggs 01 - 750 g | D40: 829747
A41: 46 | B41: DEMO000000009 | C41: Seeds 01 - 5.00 kg | D41: 7632
A42: 16 | B42: DEMO000000010 | C42: Whole grain 01 - 825 g | D42: 626365
A43: 33 | B43: DEMO000000011 | C43: Legume 01 - 800 g | D43: 217219
A44: 32 | B44: DEMO000000012 | C44: Plant-based dairy alternative 01 - 1.00 kg | D44: 178885
... A82: 27 | B82: DEMO000000050 | C82: Poultry 03 - 1.00 kg | D82: 273420

Sheet Protein Tracker
A1: PROTEIN TRACKER - Green Protein Alliance
A3: Plant share of protein | C3: =IF(SUMIFS(Data!$S$2:$S$51,Data!$K$2:$K$51,"<>not applicable")+SUMIFS(Data!$T$2:$T$51,Data!$K$2:$K$51,"<>not applicable")=0,"",SUMIFS(Data!$S$2:$S$51,Data!$K$2:$K$51,"<>not applicable")/(SUMIFS(Data!$S$2:$S$51,Data!$K$2:$K$51,"<>not applicable")+SUMIFS(Data!$T$2:$T$51,Data!$K$2:$K$51,"<>not applicable"))) -> 0.36297186
A4: across the Protein Tracker scope
A6: Each product falls into one class and only one. The four classes below cover the whole scope.
A8: THE FOUR CLASSES
B10: Protein (t) | C10: Share
A11: Animal core | B11: =(SUMIFS(Data!$S$2:$S$51,Data!$K$2:$K$51,"animal_core")+SUMIFS(Data!$T$2:$T$51,Data!$K$2:$K$51,"animal_core"))/1000 -> 1194.4212 | C11: =IF((SUMIFS(Data!$S$2:$S$51,Data!$K$2:$K$51,"<>not applicable")+SUMIFS(Data!$T$2:$T$51,Data!$K$2:$K$51,"<>not applicable"))=0,"",B11*1000/(SUMIFS(Data!$S$2:$S$51,Data!$K$2:$K$51,"<>not applicable")+SUMIFS(Data!$T$2:$T$51,Data!$K$2:$K$51,"<>not applicable"))) -> 0.60334021
A12: Animal and plant composite | B12: =(SUMIFS(Data!$S$2:$S$51,Data!$K$2:$K$51,"animal-plant-based composite")+SUMIFS(Data!$T$2:$T$51,Data!$K$2:$K$51,"animal-plant-based composite"))/1000 -> 176.77943 | C12: =IF((SUMIFS(Data!$S$2:$S$51,Data!$K$2:$K$51,"<>not applicable")+SUMIFS(Data!$T$2:$T$51,Data!$K$2:$K$51,"<>not applicable"))=0,"",B12*1000/(SUMIFS(Data!$S$2:$S$51,Data!$K$2:$K$51,"<>not applicable")+SUMIFS(Data!$T$2:$T$51,Data!$K$2:$K$51,"<>not applicable"))) -> 0.089296921
A13: Plant-based non-core | B13: =(SUMIFS(Data!$S$2:$S$51,Data!$K$2:$K$51,"plant_non_core")+SUMIFS(Data!$T$2:$T$51,Data!$K$2:$K$51,"plant_non_core"))/1000 -> 526.56781 | C13: =IF((SUMIFS(Data!$S$2:$S$51,Data!$K$2:$K$51,"<>not applicable")+SUMIFS(Data!$T$2:$T$51,Data!$K$2:$K$51,"<>not applicable"))=0,"",B13*1000/(SUMIFS(Data!$S$2:$S$51,Data!$K$2:$K$51,"<>not applicable")+SUMIFS(Data!$T$2:$T$51,Data!$K$2:$K$51,"<>not applicable"))) -> 0.26598617
A14: Plant-based core | B14: =(SUMIFS(Data!$S$2:$S$51,Data!$K$2:$K$51,"plant_core")+SUMIFS(Data!$T$2:$T$51,Data!$K$2:$K$51,"plant_core"))/1000 -> 81.91266 | C14: =IF((SUMIFS(Data!$S$2:$S$51,Data!$K$2:$K$51,"<>not applicable")+SUMIFS(Data!$T$2:$T$51,Data!$K$2:$K$51,"<>not applicable"))=0,"",B14*1000/(SUMIFS(Data!$S$2:$S$51,Data!$K$2:$K$51,"<>not applicable")+SUMIFS(Data!$T$2:$T$51,Data!$K$2:$K$51,"<>not applicable"))) -> 0.041376693
A15: Total | B15: =(SUMIFS(Data!$S$2:$S$51,Data!$K$2:$K$51,"<>not applicable")+SUMIFS(Data!$T$2:$T$51,Data!$K$2:$K$51,"<>not applicable"))/1000 -> 1979.6811 | C15: =IF((SUMIFS(Data!$S$2:$S$51,Data!$K$2:$K$51,"<>not applicable")+SUMIFS(Data!$T$2:$T$51,Data!$K$2:$K$51,"<>not applicable"))=0,"",B15*1000/(SUMIFS(Data!$S$2:$S$51,Data!$K$2:$K$51,"<>not applicable")+SUMIFS(Data!$T$2:$T$51,Data!$K$2:$K$51,"<>not applicable"))) -> 1
A18: THE DETAIL OF EACH CLASS
A20: The two core groups are broken down into subgroups. Please note the Animal core subgroups are not a part of the Protein Tracker methodology but are included voluntarily by Altera.
B22: Protein (t) | C22: Share
A23: Animal core
A24: Red meat | B24: =(SUMIFS(Data!$S$2:$S$51,Data!$K$2:$K$51,"animal_core",Data!$G$2:$G$51,"red_meat")+SUMIFS(Data!$T$2:$T$51,Data!$K$2:$K$51,"animal_core",Data!$G$2:$G$51,"red_meat"))/1000 -> 26.3128 | C24: =IF((SUMIFS(Data!$S$2:$S$51,Data!$K$2:$K$51,"<>not applicable")+SUMIFS(Data!$T$2:$T$51,Data!$K$2:$K$51,"<>not applicable"))=0,"",B24*1000/(SUMIFS(Data!$S$2:$S$51,Data!$K$2:$K$51,"<>not applicable")+SUMIFS(Data!$T$2:$T$51,Data!$K$2:$K$51,"<>not applicable"))) -> 0.013291433
A25: Poultry | B25: =(SUMIFS(Data!$S$2:$S$51,Data!$K$2:$K$51,"animal_core",Data!$G$2:$G$51,"poultry")+SUMIFS(Data!$T$2:$T$51,Data!$K$2:$K$51,"animal_core",Data!$G$2:$G$51,"poultry"))/1000 -> 219.85027 | C25: =IF((SUMIFS(Data!$S$2:$S$51,Data!$K$2:$K$51,"<>not applicable")+SUMIFS(Data!$T$2:$T$51,Data!$K$2:$K$51,"<>not applicable"))=0,"",B25*1000/(SUMIFS(Data!$S$2:$S$51,Data!$K$2:$K$51,"<>not applicable")+SUMIFS(Data!$T$2:$T$51,Data!$K$2:$K$51,"<>not applicable"))) -> 0.11105337
A26: Fish and seafood | B26: =(SUMIFS(Data!$S$2:$S$51,Data!$K$2:$K$51,"animal_core",Data!$G$2:$G$51,"seafood")+SUMIFS(Data!$T$2:$T$51,Data!$K$2:$K$51,"animal_core",Data!$G$2:$G$51,"seafood"))/1000 -> 174.06894 | C26: =IF((SUMIFS(Data!$S$2:$S$51,Data!$K$2:$K$51,"<>not applicable")+SUMIFS(Data!$T$2:$T$51,Data!$K$2:$K$51,"<>not applicable"))=0,"",B26*1000/(SUMIFS(Data!$S$2:$S$51,Data!$K$2:$K$51,"<>not applicable")+SUMIFS(Data!$T$2:$T$51,Data!$K$2:$K$51,"<>not applicable"))) -> 0.087927766
A27: Eggs | B27: =(SUMIFS(Data!$S$2:$S$51,Data!$K$2:$K$51,"animal_core",Data!$G$2:$G$51,"eggs")+SUMIFS(Data!$T$2:$T$51,Data!$K$2:$K$51,"animal_core",Data!$G$2:$G$51,"eggs"))/1000 -> 209.41584 | C27: =IF((SUMIFS(Data!$S$2:$S$51,Data!$K$2:$K$51,"<>not applicable")+SUMIFS(Data!$T$2:$T$51,Data!$K$2:$K$51,"<>not applicable"))=0,"",B27*1000/(SUMIFS(Data!$S$2:$S$51,Data!$K$2:$K$51,"<>not applicable")+SUMIFS(Data!$T$2:$T$51,Data!$K$2:$K$51,"<>not applicable"))) -> 0.10578261
A28: Other animals (snails) | B28: =(SUMIFS(Data!$S$2:$S$51,Data!$K$2:$K$51,"animal_core",Data!$G$2:$G$51,"other_animal")+SUMIFS(Data!$T$2:$T$51,Data!$K$2:$K$51,"animal_core",Data!$G$2:$G$51,"other_animal"))/1000 -> 1.50304 | C28: =IF((SUMIFS(Data!$S$2:$S$51,Data!$K$2:$K$51,"<>not applicable")+SUMIFS(Data!$T$2:$T$51,Data!$K$2:$K$51,"<>not applicable"))=0,"",B28*1000/(SUMIFS(Data!$S$2:$S$51,Data!$K$2:$K$51,"<>not applicable")+SUMIFS(Data!$T$2:$T$51,Data!$K$2:$K$51,"<>not applicable"))) -> 0.00075923338
A29: Cheese | B29: =(SUMIFS(Data!$S$2:$S$51,Data!$K$2:$K$51,"animal_core",Data!$G$2:$G$51,"dairy_animal",Data!$AC$2:$AC$51,10)+SUMIFS(Data!$T$2:$T$51,Data!$K$2:$K$51,"animal_core",Data!$G$2:$G$51,"dairy_animal",Data!$AC$2:$AC$51,10))/1000 -> 152.86693 | C29: =IF((SUMIFS(Data!$S$2:$S$51,Data!$K$2:$K$51,"<>not applicable")+SUMIFS(Data!$T$2:$T$51,Data!$K$2:$K$51,"<>not applicable"))=0,"",B29*1000/(SUMIFS(Data!$S$2:$S$51,Data!$K$2:$K$51,"<>not applicable")+SUMIFS(Data!$T$2:$T$51,Data!$K$2:$K$51,"<>not applicable"))) -> 0.077217953
A30: Milk, yoghurts and creams | B30: =(SUMIFS(Data!$S$2:$S$51,Data!$K$2:$K$51,"animal_core",Data!$G$2:$G$51,"dairy_animal",Data!$AC$2:$AC$51,1)+SUMIFS(Data!$T$2:$T$51,Data!$K$2:$K$51,"animal_core",Data!$G$2:$G$51,"dairy_animal",Data!$AC$2:$AC$51,1))/1000 -> 385.98017 | C30: =IF((SUMIFS(Data!$S$2:$S$51,Data!$K$2:$K$51,"<>not applicable")+SUMIFS(Data!$T$2:$T$51,Data!$K$2:$K$51,"<>not applicable"))=0,"",B30*1000/(SUMIFS(Data!$S$2:$S$51,Data!$K$2:$K$51,"<>not applicable")+SUMIFS(Data!$T$2:$T$51,Data!$K$2:$K$51,"<>not applicable"))) -> 0.19497088
A31: Other | B31: =(SUMIFS(Data!$S$2:$S$51,Data!$K$2:$K$51,"animal_core")+SUMIFS(Data!$T$2:$T$51,Data!$K$2:$K$51,"animal_core"))/1000-SUM(B24:B30) -> 24.423253 | C31: =IF((SUMIFS(Data!$S$2:$S$51,Data!$K$2:$K$51,"<>not applicable")+SUMIFS(Data!$T$2:$T$51,Data!$K$2:$K$51,"<>not applicable"))=0,"",B31*1000/(SUMIFS(Data!$S$2:$S$51,Data!$K$2:$K$51,"<>not applicable")+SUMIFS(Data!$T$2:$T$51,Data!$K$2:$K$51,"<>not applicable"))) -> 0.012336963
A32: Plant-based core
A33: Pulses | B33: =(SUMIFS(Data!$S$2:$S$51,Data!$K$2:$K$51,"plant_core",Data!$G$2:$G$51,"legumes")+SUMIFS(Data!$T$2:$T$51,Data!$K$2:$K$51,"plant_core",Data!$G$2:$G$51,"legumes"))/1000 -> 19.115272 | C33: =IF((SUMIFS(Data!$S$2:$S$51,Data!$K$2:$K$51,"<>not applicable")+SUMIFS(Data!$T$2:$T$51,Data!$K$2:$K$51,"<>not applicable"))=0,"",B33*1000/(SUMIFS(Data!$S$2:$S$51,Data!$K$2:$K$51,"<>not applicable")+SUMIFS(Data!$T$2:$T$51,Data!$K$2:$K$51,"<>not applicable"))) -> 0.0096557327
A34: Nuts | B34: =(SUMIFS(Data!$S$2:$S$51,Data!$K$2:$K$51,"plant_core",Data!$G$2:$G$51,"nuts")+SUMIFS(Data!$T$2:$T$51,Data!$K$2:$K$51,"plant_core",Data!$G$2:$G$51,"nuts"))/1000 -> 36.460974 | C34: =IF((SUMIFS(Data!$S$2:$S$51,Data!$K$2:$K$51,"<>not applicable")+SUMIFS(Data!$T$2:$T$51,Data!$K$2:$K$51,"<>not applicable"))=0,"",B34*1000/(SUMIFS(Data!$S$2:$S$51,Data!$K$2:$K$51,"<>not applicable")+SUMIFS(Data!$T$2:$T$51,Data!$K$2:$K$51,"<>not applicable"))) -> 0.018417599
A35: Seeds | B35: =(SUMIFS(Data!$S$2:$S$51,Data!$K$2:$K$51,"plant_core",Data!$G$2:$G$51,"seeds")+SUMIFS(Data!$T$2:$T$51,Data!$K$2:$K$51,"plant_core",Data!$G$2:$G$51,"seeds"))/1000 -> 11.448 | C35: =IF((SUMIFS(Data!$S$2:$S$51,Data!$K$2:$K$51,"<>not applicable")+SUMIFS(Data!$T$2:$T$51,Data!$K$2:$K$51,"<>not applicable"))=0,"",B35*1000/(SUMIFS(Data!$S$2:$S$51,Data!$K$2:$K$51,"<>not applicable")+SUMIFS(Data!$T$2:$T$51,Data!$K$2:$K$51,"<>not applicable"))) -> 0.0057827494
A36: Plant-based meat alternatives | B36: =(SUMIFS(Data!$S$2:$S$51,Data!$K$2:$K$51,"plant_core",Data!$G$2:$G$51,"meat_egg_seafood_alternatives")+SUMIFS(Data!$T$2:$T$51,Data!$K$2:$K$51,"plant_core",Data!$G$2:$G$51,"meat_egg_seafood_alternatives"))/1000 -> 0 | C36: =IF((SUMIFS(Data!$S$2:$S$51,Data!$K$2:$K$51,"<>not applicable")+SUMIFS(Data!$T$2:$T$51,Data!$K$2:$K$51,"<>not applicable"))=0,"",B36*1000/(SUMIFS(Data!$S$2:$S$51,Data!$K$2:$K$51,"<>not applicable")+SUMIFS(Data!$T$2:$T$51,Data!$K$2:$K$51,"<>not applicable"))) -> 0
A37: Tofu, tempeh, seitan | B37: =(SUMIFS(Data!$S$2:$S$51,Data!$K$2:$K$51,"plant_core",Data!$G$2:$G$51,"tofu_tempeh_seitan")+SUMIFS(Data!$T$2:$T$51,Data!$K$2:$K$51,"plant_core",Data!$G$2:$G$51,"tofu_tempeh_seitan"))/1000 -> 2.366464 | C37: =IF((SUMIFS(Data!$S$2:$S$51,Data!$K$2:$K$51,"<>not applicable")+SUMIFS(Data!$T$2:$T$51,Data!$K$2:$K$51,"<>not applicable"))=0,"",B37*1000/(SUMIFS(Data!$S$2:$S$51,Data!$K$2:$K$51,"<>not applicable")+SUMIFS(Data!$T$2:$T$51,Data!$K$2:$K$51,"<>not applicable"))) -> 0.0011953763
A38: Plant-based dairy alternatives | B38: =(SUMIFS(Data!$S$2:$S$51,Data!$K$2:$K$51,"plant_core",Data!$G$2:$G$51,"dairy_alternative_plant")+SUMIFS(Data!$T$2:$T$51,Data!$K$2:$K$51,"plant_core",Data!$G$2:$G$51,"dairy_alternative_plant"))/1000 -> 12.52195 | C38: =IF((SUMIFS(Data!$S$2:$S$51,Data!$K$2:$K$51,"<>not applicable")+SUMIFS(Data!$T$2:$T$51,Data!$K$2:$K$51,"<>not applicable"))=0,"",B38*1000/(SUMIFS(Data!$S$2:$S$51,Data!$K$2:$K$51,"<>not applicable")+SUMIFS(Data!$T$2:$T$51,Data!$K$2:$K$51,"<>not applicable"))) -> 0.0063252358
A39: Other | B39: =(SUMIFS(Data!$S$2:$S$51,Data!$K$2:$K$51,"plant_core")+SUMIFS(Data!$T$2:$T$51,Data!$K$2:$K$51,"plant_core"))/1000-SUM(B33:B38) -> 0 | C39: =IF((SUMIFS(Data!$S$2:$S$51,Data!$K$2:$K$51,"<>not applicable")+SUMIFS(Data!$T$2:$T$51,Data!$K$2:$K$51,"<>not applicable"))=0,"",B39*1000/(SUMIFS(Data!$S$2:$S$51,Data!$K$2:$K$51,"<>not applicable")+SUMIFS(Data!$T$2:$T$51,Data!$K$2:$K$51,"<>not applicable"))) -> 0
A40: Total | B40: =(SUMIFS(Data!$S$2:$S$51,Data!$K$2:$K$51,"<>not applicable")+SUMIFS(Data!$T$2:$T$51,Data!$K$2:$K$51,"<>not applicable"))/1000 -> 1979.6811 | C40: =IF((SUMIFS(Data!$S$2:$S$51,Data!$K$2:$K$51,"<>not applicable")+SUMIFS(Data!$T$2:$T$51,Data!$K$2:$K$51,"<>not applicable"))=0,"",B40*1000/(SUMIFS(Data!$S$2:$S$51,Data!$K$2:$K$51,"<>not applicable")+SUMIFS(Data!$T$2:$T$51,Data!$K$2:$K$51,"<>not applicable"))) -> 1
A43: MASS AND PLANT / ANIMAL SPLIT
A45: Class | B45: Mass (t) | C45: Protein (t) | D45: Plant protein (t) | E45: Animal protein (t) | F45: Plant share | G45: Animal share
A46: Plant core | B46: =SUMIFS(Data!$R$2:$R$51,Data!$K$2:$K$51,"plant_core")/1000 -> 538.7137 | C46: =D46+E46 -> 81.91266 | D46: =SUMIFS(Data!$S$2:$S$51,Data!$K$2:$K$51,"plant_core")/1000 -> 81.91266 | E46: =SUMIFS(Data!$T$2:$T$51,Data!$K$2:$K$51,"plant_core")/1000 -> 0 | F46: =IF(C46=0,"",D46/C46) -> 1 | G46: =IF(C46=0,"",E46/C46) -> 0
A47: Plant non-core | B47: =SUMIFS(Data!$R$2:$R$51,Data!$K$2:$K$51,"plant_non_core")/1000 -> 23135.603 | C47: =D47+E47 -> 526.56781 | D47: =SUMIFS(Data!$S$2:$S$51,Data!$K$2:$K$51,"plant_non_core")/1000 -> 526.56781 | E47: =SUMIFS(Data!$T$2:$T$51,Data!$K$2:$K$51,"plant_non_core")/1000 -> 0 | F47: =IF(C47=0,"",D47/C47) -> 1 | G47: =IF(C47=0,"",E47/C47) -> 0
A48: Animal-plant-based composite | B48: =SUMIFS(Data!$R$2:$R$51,Data!$K$2:$K$51,"composite")/1000 -> 0 | C48: =D48+E48 -> 0 | D48: =SUMIFS(Data!$S$2:$S$51,Data!$K$2:$K$51,"composite")/1000 -> 0 | E48: =SUMIFS(Data!$T$2:$T$51,Data!$K$2:$K$51,"composite")/1000 -> 0 | F48: =IF(C48=0,"",D48/C48) | G48: =IF(C48=0,"",E48/C48)
A49: Animal core | B49: =SUMIFS(Data!$R$2:$R$51,Data!$K$2:$K$51,"animal_core")/1000 -> 14551.646 | C49: =D49+E49 -> 1194.4212 | D49: =SUMIFS(Data!$S$2:$S$51,Data!$K$2:$K$51,"animal_core")/1000 -> 0 | E49: =SUMIFS(Data!$T$2:$T$51,Data!$K$2:$K$51,"animal_core")/1000 -> 1194.4212 | F49: =IF(C49=0,"",D49/C49) -> 0 | G49: =IF(C49=0,"",E49/C49) -> 1
A50: Total | B50: =SUM(B46:B49) -> 38225.963 | C50: =SUM(C46:C49) -> 1802.9017 | D50: =SUM(D46:D49) -> 608.48047 | E50: =SUM(E46:E49) -> 1194.4212 | F50: =IF(C50=0,"",D50/C50) -> 0.33750063 | G50: =IF(C50=0,"",E50/C50) -> 0.66249937
A52: Outside the scope
B53: Mass (t) | C53: Protein (t) | D53: Plant protein (t) | E53: Animal protein (t) | F53: Plant share | G53: Animal share
A54: outside scope - non-food | B54: =SUMIFS(Data!$R$2:$R$51,Data!$K$2:$K$51,"outside scope - non-food")/1000 -> 38.21952 | C54: =D54+E54 -> 0 | D54: =SUMIFS(Data!$S$2:$S$51,Data!$K$2:$K$51,"outside scope - non-food")/1000 -> 0 | E54: =SUMIFS(Data!$T$2:$T$51,Data!$K$2:$K$51,"outside scope - non-food")/1000 -> 0 | F54: =IF(C54=0,"",D54/C54) | G54: =IF(C54=0,"",E54/C54)

Sheet WWF
A1: WWF - PLANET-BASED DIETS · REPORT IN APPENDIX D FORMAT
A3: METHODOLOGY | B3: WWF Planet-Based Diets
A4: INPUT DATA | B4: retailer catalogue - example, 50 products, volumes entered on the Welcome tab
A5: STEP | B5: Step 1 - product level
A7: WHOLE PRODUCTS
B9: Dairy equivalents - Retailer | F9: Product mass - Retailer | I9: Protein - Retailer
B10: Mass (t) | C10: Share | D10: PHD | F10: Mass (t) | G10: Share | I10: Protein (t) | J10: Share
A11: FOOD GROUP 1
A12: Plant-Based | B12: =(SUMIFS(Data!$AD$2:$AD$51,Data!$G$2:$G$51,"legumes") + SUMIFS(Data!$AD$2:$AD$51,Data!$G$2:$G$51,"nuts") + SUMIFS(Data!$AD$2:$AD$51,Data!$G$2:$G$51,"seeds") + SUMIFS(Data!$AD$2:$AD$51,Data!$G$2:$G$51,"meat_egg_seafood_alternatives") + SUMIFS(Data!$AD$2:$AD$51,Data!$G$2:$G$51,"tofu_tempeh_seitan"))/1000 -> 379.27659 | C12: =IF(SUMIFS(Data!$AD$2:$AD$51,Data!$I$2:$I$51,"No")=0,"",B12*1000/SUMIFS(Data!$AD$2:$AD$51,Data!$I$2:$I$51,"No")) -> 0.010511999 | D12: 0.1 | F12: =(SUMIFS(Data!$R$2:$R$51,Data!$G$2:$G$51,"legumes") + SUMIFS(Data!$R$2:$R$51,Data!$G$2:$G$51,"nuts") + SUMIFS(Data!$R$2:$R$51,Data!$G$2:$G$51,"seeds") + SUMIFS(Data!$R$2:$R$51,Data!$G$2:$G$51,"meat_egg_seafood_alternatives") + SUMIFS(Data!$R$2:$R$51,Data!$G$2:$G$51,"tofu_tempeh_seitan"))/1000 -> 379.27659 | G12: =IF(SUMIFS(Data!$R$2:$R$51,Data!$I$2:$I$51,"No")=0,"",F12*1000/SUMIFS(Data!$R$2:$R$51,Data!$I$2:$I$51,"No")) -> 0.012240736 | I12: =(SUMIFS(Data!$S$2:$S$51,Data!$G$2:$G$51,"legumes")+SUMIFS(Data!$T$2:$T$51,Data!$G$2:$G$51,"legumes") + SUMIFS(Data!$S$2:$S$51,Data!$G$2:$G$51,"nuts")+SUMIFS(Data!$T$2:$T$51,Data!$G$2:$G$51,"nuts") + SUMIFS(Data!$S$2:$S$51,Data!$G$2:$G$51,"seeds")+SUMIFS(Data!$T$2:$T$51,Data!$G$2:$G$51,"seeds") + SUMIFS(Data!$S$2:$S$51,Data!$G$2:$G$51,"meat_egg_seafood_alternatives")+SUMIFS(Data!$T$2:$T$51,Data!$G$2:$G$51,"meat_egg_seafood_alternatives") + SUMIFS(Data!$S$2:$S$51,Data!$G$2:$G$51,"tofu_tempeh_seitan")+SUMIFS(Data!$T$2:$T$51,Data!$G$2:$G$51,"tofu_tempeh_seitan"))/1000 -> 72.502372 | J12: =IF((SUMIFS(Data!$S$2:$S$51,Data!$I$2:$I$51,"No")+SUMIFS(Data!$T$2:$T$51,Data!$I$2:$I$51,"No"))=0,"",I12*1000/(SUMIFS(Data!$S$2:$S$51,Data!$I$2:$I$51,"No")+SUMIFS(Data!$T$2:$T$51,Data!$I$2:$I$51,"No"))) -> 0.041164281
A13: Pulses | B13: =(SUMIFS(Data!$AD$2:$AD$51,Data!$G$2:$G$51,"legumes"))/1000 -> 173.7752 | C13: =IF(SUMIFS(Data!$AD$2:$AD$51,Data!$I$2:$I$51,"No")=0,"",B13*1000/SUMIFS(Data!$AD$2:$AD$51,Data!$I$2:$I$51,"No")) -> 0.0048163391 | D13: — | F13: =(SUMIFS(Data!$R$2:$R$51,Data!$G$2:$G$51,"legumes"))/1000 -> 173.7752 | G13: =IF(SUMIFS(Data!$R$2:$R$51,Data!$I$2:$I$51,"No")=0,"",F13*1000/SUMIFS(Data!$R$2:$R$51,Data!$I$2:$I$51,"No")) -> 0.0056084041 | I13: =(SUMIFS(Data!$S$2:$S$51,Data!$G$2:$G$51,"legumes")+SUMIFS(Data!$T$2:$T$51,Data!$G$2:$G$51,"legumes"))/1000 -> 19.115272 | J13: =IF((SUMIFS(Data!$S$2:$S$51,Data!$I$2:$I$51,"No")+SUMIFS(Data!$T$2:$T$51,Data!$I$2:$I$51,"No"))=0,"",I13*1000/(SUMIFS(Data!$S$2:$S$51,Data!$I$2:$I$51,"No")+SUMIFS(Data!$T$2:$T$51,Data!$I$2:$I$51,"No"))) -> 0.010852975
A14: Nuts | B14: =(SUMIFS(Data!$AD$2:$AD$51,Data!$G$2:$G$51,"nuts"))/1000 -> 133.1031 | C14: =IF(SUMIFS(Data!$AD$2:$AD$51,Data!$I$2:$I$51,"No")=0,"",B14*1000/SUMIFS(Data!$AD$2:$AD$51,Data!$I$2:$I$51,"No")) -> 0.0036890745 | D14: — | F14: =(SUMIFS(Data!$R$2:$R$51,Data!$G$2:$G$51,"nuts"))/1000 -> 133.1031 | G14: =IF(SUMIFS(Data!$R$2:$R$51,Data!$I$2:$I$51,"No")=0,"",F14*1000/SUMIFS(Data!$R$2:$R$51,Data!$I$2:$I$51,"No")) -> 0.0042957566 | I14: =(SUMIFS(Data!$S$2:$S$51,Data!$G$2:$G$51,"nuts")+SUMIFS(Data!$T$2:$T$51,Data!$G$2:$G$51,"nuts"))/1000 -> 36.460974 | J14: =IF((SUMIFS(Data!$S$2:$S$51,Data!$I$2:$I$51,"No")+SUMIFS(Data!$T$2:$T$51,Data!$I$2:$I$51,"No"))=0,"",I14*1000/(SUMIFS(Data!$S$2:$S$51,Data!$I$2:$I$51,"No")+SUMIFS(Data!$T$2:$T$51,Data!$I$2:$I$51,"No"))) -> 0.02070125
A15: Seeds | B15: =(SUMIFS(Data!$AD$2:$AD$51,Data!$G$2:$G$51,"seeds"))/1000 -> 38.16 | C15: =IF(SUMIFS(Data!$AD$2:$AD$51,Data!$I$2:$I$51,"No")=0,"",B15*1000/SUMIFS(Data!$AD$2:$AD$51,Data!$I$2:$I$51,"No")) -> 0.0010576394 | D15: — | F15: =(SUMIFS(Data!$R$2:$R$51,Data!$G$2:$G$51,"seeds"))/1000 -> 38.16 | G15: =IF(SUMIFS(Data!$R$2:$R$51,Data!$I$2:$I$51,"No")=0,"",F15*1000/SUMIFS(Data!$R$2:$R$51,Data!$I$2:$I$51,"No")) -> 0.0012315722 | I15: =(SUMIFS(Data!$S$2:$S$51,Data!$G$2:$G$51,"seeds")+SUMIFS(Data!$T$2:$T$51,Data!$G$2:$G$51,"seeds"))/1000 -> 11.448 | J15: =IF((SUMIFS(Data!$S$2:$S$51,Data!$I$2:$I$51,"No")+SUMIFS(Data!$T$2:$T$51,Data!$I$2:$I$51,"No"))=0,"",I15*1000/(SUMIFS(Data!$S$2:$S$51,Data!$I$2:$I$51,"No")+SUMIFS(Data!$T$2:$T$51,Data!$I$2:$I$51,"No"))) -> 0.0064997692
A16: Alternative Products | B16: =(SUMIFS(Data!$AD$2:$AD$51,Data!$G$2:$G$51,"meat_egg_seafood_alternatives"))/1000 -> 19.44789 | C16: =IF(SUMIFS(Data!$AD$2:$AD$51,Data!$I$2:$I$51,"No")=0,"",B16*1000/SUMIFS(Data!$AD$2:$AD$51,Data!$I$2:$I$51,"No")) -> 0.00053901611 | D16: — | F16: =(SUMIFS(Data!$R$2:$R$51,Data!$G$2:$G$51,"meat_egg_seafood_alternatives"))/1000 -> 19.44789 | G16: =IF(SUMIFS(Data!$R$2:$R$51,Data!$I$2:$I$51,"No")=0,"",F16*1000/SUMIFS(Data!$R$2:$R$51,Data!$I$2:$I$51,"No")) -> 0.00062765933 | I16: =(SUMIFS(Data!$S$2:$S$51,Data!$G$2:$G$51,"meat_egg_seafood_alternatives")+SUMIFS(Data!$T$2:$T$51,Data!$G$2:$G$51,"meat_egg_seafood_alternatives"))/1000 -> 3.1116624 | J16: =IF((SUMIFS(Data!$S$2:$S$51,Data!$I$2:$I$51,"No")+SUMIFS(Data!$T$2:$T$51,Data!$I$2:$I$51,"No"))=0,"",I16*1000/(SUMIFS(Data!$S$2:$S$51,Data!$I$2:$I$51,"No")+SUMIFS(Data!$T$2:$T$51,Data!$I$2:$I$51,"No"))) -> 0.0017666918
A17: Tofu, tempeh & seitan | B17: =(SUMIFS(Data!$AD$2:$AD$51,Data!$G$2:$G$51,"tofu_tempeh_seitan"))/1000 -> 14.7904 | C17: =IF(SUMIFS(Data!$AD$2:$AD$51,Data!$I$2:$I$51,"No")=0,"",B17*1000/SUMIFS(Data!$AD$2:$AD$51,Data!$I$2:$I$51,"No")) -> 0.0004099295 | D17: — | F17: =(SUMIFS(Data!$R$2:$R$51,Data!$G$2:$G$51,"tofu_tempeh_seitan"))/1000 -> 14.7904 | G17: =IF(SUMIFS(Data!$R$2:$R$51,Data!$I$2:$I$51,"No")=0,"",F17*1000/SUMIFS(Data!$R$2:$R$51,Data!$I$2:$I$51,"No")) -> 0.00047734395 | I17: =(SUMIFS(Data!$S$2:$S$51,Data!$G$2:$G$51,"tofu_tempeh_seitan")+SUMIFS(Data!$T$2:$T$51,Data!$G$2:$G$51,"tofu_tempeh_seitan"))/1000 -> 2.366464 | J17: =IF((SUMIFS(Data!$S$2:$S$51,Data!$I$2:$I$51,"No")+SUMIFS(Data!$T$2:$T$51,Data!$I$2:$I$51,"No"))=0,"",I17*1000/(SUMIFS(Data!$S$2:$S$51,Data!$I$2:$I$51,"No")+SUMIFS(Data!$T$2:$T$51,Data!$I$2:$I$51,"No"))) -> 0.0013435945
A18: Animal-Based | B18: =(SUMIFS(Data!$AD$2:$AD$51,Data!$G$2:$G$51,"red_meat") + SUMIFS(Data!$AD$2:$AD$51,Data!$G$2:$G$51,"poultry") + SUMIFS(Data!$AD$2:$AD$51,Data!$G$2:$G$51,"seafood") + SUMIFS(Data!$AD$2:$AD$51,Data!$G$2:$G$51,"eggs") + SUMIFS(Data!$AD$2:$AD$51,Data!$G$2:$G$51,"other_animal"))/1000 -> 3389.8151 | C18: =IF(SUMIFS(Data!$AD$2:$AD$51,Data!$I$2:$I$51,"No")=0,"",B18*1000/SUMIFS(Data!$AD$2:$AD$51,Data!$I$2:$I$51,"No")) -> 0.093951834 | D18: 0.06 | F18: =(SUMIFS(Data!$R$2:$R$51,Data!$G$2:$G$51,"red_meat") + SUMIFS(Data!$R$2:$R$51,Data!$G$2:$G$51,"poultry") + SUMIFS(Data!$R$2:$R$51,Data!$G$2:$G$51,"seafood") + SUMIFS(Data!$R$2:$R$51,Data!$G$2:$G$51,"eggs") + SUMIFS(Data!$R$2:$R$51,Data!$G$2:$G$51,"other_animal"))/1000 -> 3389.8151 | G18: =IF(SUMIFS(Data!$R$2:$R$51,Data!$I$2:$I$51,"No")=0,"",F18*1000/SUMIFS(Data!$R$2:$R$51,Data!$I$2:$I$51,"No")) -> 0.10940256 | I18: =(SUMIFS(Data!$S$2:$S$51,Data!$G$2:$G$51,"red_meat")+SUMIFS(Data!$T$2:$T$51,Data!$G$2:$G$51,"red_meat") + SUMIFS(Data!$S$2:$S$51,Data!$G$2:$G$51,"poultry")+SUMIFS(Data!$T$2:$T$51,Data!$G$2:$G$51,"poultry") + SUMIFS(Data!$S$2:$S$51,Data!$G$2:$G$51,"seafood")+SUMIFS(Data!$T$2:$T$51,Data!$G$2:$G$51,"seafood") + SUMIFS(Data!$S$2:$S$51,Data!$G$2:$G$51,"eggs")+SUMIFS(Data!$T$2:$T$51,Data!$G$2:$G$51,"eggs") + SUMIFS(Data!$S$2:$S$51,Data!$G$2:$G$51,"other_animal")+SUMIFS(Data!$T$2:$T$51,Data!$G$2:$G$51,"other_animal"))/1000 -> 631.1509 | J18: =IF((SUMIFS(Data!$S$2:$S$51,Data!$I$2:$I$51,"No")+SUMIFS(Data!$T$2:$T$51,Data!$I$2:$I$51,"No"))=0,"",I18*1000/(SUMIFS(Data!$S$2:$S$51,Data!$I$2:$I$51,"No")+SUMIFS(Data!$T$2:$T$51,Data!$I$2:$I$51,"No"))) -> 0.35834514
A19: Red meat | B19: =(SUMIFS(Data!$AD$2:$AD$51,Data!$G$2:$G$51,"red_meat"))/1000 -> 131.564 | C19: =IF(SUMIFS(Data!$AD$2:$AD$51,Data!$I$2:$I$51,"No")=0,"",B19*1000/SUMIFS(Data!$AD$2:$AD$51,Data!$I$2:$I$51,"No")) -> 0.0036464169 | D19: — | F19: =(SUMIFS(Data!$R$2:$R$51,Data!$G$2:$G$51,"red_meat"))/1000 -> 131.564 | G19: =IF(SUMIFS(Data!$R$2:$R$51,Data!$I$2:$I$51,"No")=0,"",F19*1000/SUMIFS(Data!$R$2:$R$51,Data!$I$2:$I$51,"No")) -> 0.0042460839 | I19: =(SUMIFS(Data!$S$2:$S$51,Data!$G$2:$G$51,"red_meat")+SUMIFS(Data!$T$2:$T$51,Data!$G$2:$G$51,"red_meat"))/1000 -> 26.3128 | J19: =IF((SUMIFS(Data!$S$2:$S$51,Data!$I$2:$I$51,"No")+SUMIFS(Data!$T$2:$T$51,Data!$I$2:$I$51,"No"))=0,"",I19*1000/(SUMIFS(Data!$S$2:$S$51,Data!$I$2:$I$51,"No")+SUMIFS(Data!$T$2:$T$51,Data!$I$2:$I$51,"No"))) -> 0.014939476
A20: Poultry | B20: =(SUMIFS(Data!$AD$2:$AD$51,Data!$G$2:$G$51,"poultry"))/1000 -> 1040.133 | C20: =IF(SUMIFS(Data!$AD$2:$AD$51,Data!$I$2:$I$51,"No")=0,"",B20*1000/SUMIFS(Data!$AD$2:$AD$51,Data!$I$2:$I$51,"No")) -> 0.02882824 | D20: — | F20: =(SUMIFS(Data!$R$2:$R$51,Data!$G$2:$G$51,"poultry"))/1000 -> 1040.133 | G20: =IF(SUMIFS(Data!$R$2:$R$51,Data!$I$2:$I$51,"No")=0,"",F20*1000/SUMIFS(Data!$R$2:$R$51,Data!$I$2:$I$51,"No")) -> 0.033569152 | I20: =(SUMIFS(Data!$S$2:$S$51,Data!$G$2:$G$51,"poultry")+SUMIFS(Data!$T$2:$T$51,Data!$G$2:$G$51,"poultry"))/1000 -> 219.85027 | J20: =IF((SUMIFS(Data!$S$2:$S$51,Data!$I$2:$I$51,"No")+SUMIFS(Data!$T$2:$T$51,Data!$I$2:$I$51,"No"))=0,"",I20*1000/(SUMIFS(Data!$S$2:$S$51,Data!$I$2:$I$51,"No")+SUMIFS(Data!$T$2:$T$51,Data!$I$2:$I$51,"No"))) -> 0.1248232
A21: Fish & Shellfish | B21: =(SUMIFS(Data!$AD$2:$AD$51,Data!$G$2:$G$51,"seafood"))/1000 -> 774.237 | C21: =IF(SUMIFS(Data!$AD$2:$AD$51,Data!$I$2:$I$51,"No")=0,"",B21*1000/SUMIFS(Data!$AD$2:$AD$51,Data!$I$2:$I$51,"No")) -> 0.021458689 | D21: — | F21: =(SUMIFS(Data!$R$2:$R$51,Data!$G$2:$G$51,"seafood"))/1000 -> 774.237 | G21: =IF(SUMIFS(Data!$R$2:$R$51,Data!$I$2:$I$51,"No")=0,"",F21*1000/SUMIFS(Data!$R$2:$R$51,Data!$I$2:$I$51,"No")) -> 0.02498765 | I21: =(SUMIFS(Data!$S$2:$S$51,Data!$G$2:$G$51,"seafood")+SUMIFS(Data!$T$2:$T$51,Data!$G$2:$G$51,"seafood"))/1000 -> 174.06894 | J21: =IF((SUMIFS(Data!$S$2:$S$51,Data!$I$2:$I$51,"No")+SUMIFS(Data!$T$2:$T$51,Data!$I$2:$I$51,"No"))=0,"",I21*1000/(SUMIFS(Data!$S$2:$S$51,Data!$I$2:$I$51,"No")+SUMIFS(Data!$T$2:$T$51,Data!$I$2:$I$51,"No"))) -> 0.098830183
A22: Eggs | B22: =(SUMIFS(Data!$AD$2:$AD$51,Data!$G$2:$G$51,"eggs"))/1000 -> 1434.4871 | C22: =IF(SUMIFS(Data!$AD$2:$AD$51,Data!$I$2:$I$51,"No")=0,"",B22*1000/SUMIFS(Data!$AD$2:$AD$51,Data!$I$2:$I$51,"No")) -> 0.039758125 | D22: — | F22: =(SUMIFS(Data!$R$2:$R$51,Data!$G$2:$G$51,"eggs"))/1000 -> 1434.4871 | G22: =IF(SUMIFS(Data!$R$2:$R$51,Data!$I$2:$I$51,"No")=0,"",F22*1000/SUMIFS(Data!$R$2:$R$51,Data!$I$2:$I$51,"No")) -> 0.046296497 | I22: =(SUMIFS(Data!$S$2:$S$51,Data!$G$2:$G$51,"eggs")+SUMIFS(Data!$T$2:$T$51,Data!$G$2:$G$51,"eggs"))/1000 -> 209.41584 | J22: =IF((SUMIFS(Data!$S$2:$S$51,Data!$I$2:$I$51,"No")+SUMIFS(Data!$T$2:$T$51,Data!$I$2:$I$51,"No"))=0,"",I22*1000/(SUMIFS(Data!$S$2:$S$51,Data!$I$2:$I$51,"No")+SUMIFS(Data!$T$2:$T$51,Data!$I$2:$I$51,"No"))) -> 0.1188989
A23: Other (e.g. snails) | B23: =(SUMIFS(Data!$AD$2:$AD$51,Data!$G$2:$G$51,"other_animal"))/1000 -> 9.394 | C23: =IF(SUMIFS(Data!$AD$2:$AD$51,Data!$I$2:$I$51,"No")=0,"",B23*1000/SUMIFS(Data!$AD$2:$AD$51,Data!$I$2:$I$51,"No")) -> 0.00026036333 | D23: — | F23: =(SUMIFS(Data!$R$2:$R$51,Data!$G$2:$G$51,"other_animal"))/1000 -> 9.394 | G23: =IF(SUMIFS(Data!$R$2:$R$51,Data!$I$2:$I$51,"No")=0,"",F23*1000/SUMIFS(Data!$R$2:$R$51,Data!$I$2:$I$51,"No")) -> 0.00030318105 | I23: =(SUMIFS(Data!$S$2:$S$51,Data!$G$2:$G$51,"other_animal")+SUMIFS(Data!$T$2:$T$51,Data!$G$2:$G$51,"other_animal"))/1000 -> 1.50304 | J23: =IF((SUMIFS(Data!$S$2:$S$51,Data!$I$2:$I$51,"No")+SUMIFS(Data!$T$2:$T$51,Data!$I$2:$I$51,"No"))=0,"",I23*1000/(SUMIFS(Data!$S$2:$S$51,Data!$I$2:$I$51,"No")+SUMIFS(Data!$T$2:$T$51,Data!$I$2:$I$51,"No"))) -> 0.00085337291
A24: FOOD GROUP 2
A25: Dairy | B25: =(SUMIFS(Data!$AD$2:$AD$51,Data!$G$2:$G$51,"dairy_animal"))/1000 -> 15964.03 | C25: =IF(SUMIFS(Data!$AD$2:$AD$51,Data!$I$2:$I$51,"No")=0,"",B25*1000/SUMIFS(Data!$AD$2:$AD$51,Data!$I$2:$I$51,"No")) -> 0.44245774 | D25: 0.19 | F25: =(SUMIFS(Data!$R$2:$R$51,Data!$G$2:$G$51,"dairy_animal"))/1000 -> 10868.466 | G25: =IF(SUMIFS(Data!$R$2:$R$51,Data!$I$2:$I$51,"No")=0,"",F25*1000/SUMIFS(Data!$R$2:$R$51,Data!$I$2:$I$51,"No")) -> 0.35076782 | I25: =(SUMIFS(Data!$S$2:$S$51,Data!$G$2:$G$51,"dairy_animal")+SUMIFS(Data!$T$2:$T$51,Data!$G$2:$G$51,"dairy_animal"))/1000 -> 538.8471 | J25: =IF((SUMIFS(Data!$S$2:$S$51,Data!$I$2:$I$51,"No")+SUMIFS(Data!$T$2:$T$51,Data!$I$2:$I$51,"No"))=0,"",I25*1000/(SUMIFS(Data!$S$2:$S$51,Data!$I$2:$I$51,"No")+SUMIFS(Data!$T$2:$T$51,Data!$I$2:$I$51,"No"))) -> 0.30593831
A26: Dairy Alternatives | B26: =(SUMIFS(Data!$AD$2:$AD$51,Data!$G$2:$G$51,"dairy_alternative_plant"))/1000 -> 178.885 | C26: =IF(SUMIFS(Data!$AD$2:$AD$51,Data!$I$2:$I$51,"No")=0,"",B26*1000/SUMIFS(Data!$AD$2:$AD$51,Data!$I$2:$I$51,"No")) -> 0.0049579619 | D26: N/A | F26: =(SUMIFS(Data!$R$2:$R$51,Data!$G$2:$G$51,"dairy_alternative_plant"))/1000 -> 178.885 | G26: =IF(SUMIFS(Data!$R$2:$R$51,Data!$I$2:$I$51,"No")=0,"",F26*1000/SUMIFS(Data!$R$2:$R$51,Data!$I$2:$I$51,"No")) -> 0.0057733173 | I26: =(SUMIFS(Data!$S$2:$S$51,Data!$G$2:$G$51,"dairy_alternative_plant")+SUMIFS(Data!$T$2:$T$51,Data!$G$2:$G$51,"dairy_alternative_plant"))/1000 -> 12.52195 | J26: =IF((SUMIFS(Data!$S$2:$S$51,Data!$I$2:$I$51,"No")+SUMIFS(Data!$T$2:$T$51,Data!$I$2:$I$51,"No"))=0,"",I26*1000/(SUMIFS(Data!$S$2:$S$51,Data!$I$2:$I$51,"No")+SUMIFS(Data!$T$2:$T$51,Data!$I$2:$I$51,"No"))) -> 0.00710952
A27: FOOD GROUP 3
A28: Animal-Based Fats | B28: =(SUMIFS(Data!$AD$2:$AD$51,Data!$G$2:$G$51,"animal_based_fat"))/1000 -> 150.10125 | C28: =IF(SUMIFS(Data!$AD$2:$AD$51,Data!$I$2:$I$51,"No")=0,"",B28*1000/SUMIFS(Data!$AD$2:$AD$51,Data!$I$2:$I$51,"No")) -> 0.0041601938 | D28: 0.01 | F28: =(SUMIFS(Data!$R$2:$R$51,Data!$G$2:$G$51,"animal_based_fat"))/1000 -> 150.10125 | G28: =IF(SUMIFS(Data!$R$2:$R$51,Data!$I$2:$I$51,"No")=0,"",F28*1000/SUMIFS(Data!$R$2:$R$51,Data!$I$2:$I$51,"No")) -> 0.0048443533 | I28: =(SUMIFS(Data!$S$2:$S$51,Data!$G$2:$G$51,"animal_based_fat")+SUMIFS(Data!$T$2:$T$51,Data!$G$2:$G$51,"animal_based_fat"))/1000 -> 1.5010125 | J28: =IF((SUMIFS(Data!$S$2:$S$51,Data!$I$2:$I$51,"No")+SUMIFS(Data!$T$2:$T$51,Data!$I$2:$I$51,"No"))=0,"",I28*1000/(SUMIFS(Data!$S$2:$S$51,Data!$I$2:$I$51,"No")+SUMIFS(Data!$T$2:$T$51,Data!$I$2:$I$51,"No"))) -> 0.00085222177
A29: Plant-Based Fats | B29: =(SUMIFS(Data!$AD$2:$AD$51,Data!$G$2:$G$51,"plant_based_fat"))/1000 -> 748.20852 | C29: =IF(SUMIFS(Data!$AD$2:$AD$51,Data!$I$2:$I$51,"No")=0,"",B29*1000/SUMIFS(Data!$AD$2:$AD$51,Data!$I$2:$I$51,"No")) -> 0.020737285 | D29: 0.03 | F29: =(SUMIFS(Data!$R$2:$R$51,Data!$G$2:$G$51,"plant_based_fat"))/1000 -> 748.20852 | G29: =IF(SUMIFS(Data!$R$2:$R$51,Data!$I$2:$I$51,"No")=0,"",F29*1000/SUMIFS(Data!$R$2:$R$51,Data!$I$2:$I$51,"No")) -> 0.02414761 | I29: =(SUMIFS(Data!$S$2:$S$51,Data!$G$2:$G$51,"plant_based_fat")+SUMIFS(Data!$T$2:$T$51,Data!$G$2:$G$51,"plant_based_fat"))/1000 -> 3.7410426 | J29: =IF((SUMIFS(Data!$S$2:$S$51,Data!$I$2:$I$51,"No")+SUMIFS(Data!$T$2:$T$51,Data!$I$2:$I$51,"No"))=0,"",I29*1000/(SUMIFS(Data!$S$2:$S$51,Data!$I$2:$I$51,"No")+SUMIFS(Data!$T$2:$T$51,Data!$I$2:$I$51,"No"))) -> 0.0021240316
A30: FOOD GROUP 4
A31: Fruits & Vegetables | B31: =(SUMIFS(Data!$AD$2:$AD$51,Data!$F$2:$F$51,"FG4"))/1000 -> 9000.99 | C31: =IF(SUMIFS(Data!$AD$2:$AD$51,Data!$I$2:$I$51,"No")=0,"",B31*1000/SUMIFS(Data!$AD$2:$AD$51,Data!$I$2:$I$51,"No")) -> 0.24947069 | D31: 0.38 | F31: =(SUMIFS(Data!$R$2:$R$51,Data!$F$2:$F$51,"FG4"))/1000 -> 9000.99 | G31: =IF(SUMIFS(Data!$R$2:$R$51,Data!$I$2:$I$51,"No")=0,"",F31*1000/SUMIFS(Data!$R$2:$R$51,Data!$I$2:$I$51,"No")) -> 0.29049708 | I31: =(SUMIFS(Data!$S$2:$S$51,Data!$F$2:$F$51,"FG4")+SUMIFS(Data!$T$2:$T$51,Data!$F$2:$F$51,"FG4"))/1000 -> 95.410494 | J31: =IF((SUMIFS(Data!$S$2:$S$51,Data!$I$2:$I$51,"No")+SUMIFS(Data!$T$2:$T$51,Data!$I$2:$I$51,"No"))=0,"",I31*1000/(SUMIFS(Data!$S$2:$S$51,Data!$I$2:$I$51,"No")+SUMIFS(Data!$T$2:$T$51,Data!$I$2:$I$51,"No"))) -> 0.054170701
A32: FOOD GROUP 5
A33: Whole Grains | B33: =(SUMIFS(Data!$AD$2:$AD$51,Data!$G$2:$G$51,"whole_grain"))/1000 -> 516.75113 | C33: =IF(SUMIFS(Data!$AD$2:$AD$51,Data!$I$2:$I$51,"No")=0,"",B33*1000/SUMIFS(Data!$AD$2:$AD$51,Data!$I$2:$I$51,"No")) -> 0.014322231 | D33: 0.18 | F33: =(SUMIFS(Data!$R$2:$R$51,Data!$G$2:$G$51,"whole_grain"))/1000 -> 516.75113 | G33: =IF(SUMIFS(Data!$R$2:$R$51,Data!$I$2:$I$51,"No")=0,"",F33*1000/SUMIFS(Data!$R$2:$R$51,Data!$I$2:$I$51,"No")) -> 0.016677576 | I33: =(SUMIFS(Data!$S$2:$S$51,Data!$G$2:$G$51,"whole_grain")+SUMIFS(Data!$T$2:$T$51,Data!$G$2:$G$51,"whole_grain"))/1000 -> 47.541103 | J33: =IF((SUMIFS(Data!$S$2:$S$51,Data!$I$2:$I$51,"No")+SUMIFS(Data!$T$2:$T$51,Data!$I$2:$I$51,"No"))=0,"",I33*1000/(SUMIFS(Data!$S$2:$S$51,Data!$I$2:$I$51,"No")+SUMIFS(Data!$T$2:$T$51,Data!$I$2:$I$51,"No"))) -> 0.026992156
A34: Refined Grains | B34: =(SUMIFS(Data!$AD$2:$AD$51,Data!$G$2:$G$51,"refined_grain"))/1000 -> 2400.598 | C34: =IF(SUMIFS(Data!$AD$2:$AD$51,Data!$I$2:$I$51,"No")=0,"",B34*1000/SUMIFS(Data!$AD$2:$AD$51,Data!$I$2:$I$51,"No")) -> 0.066534776 | D34: 0 | F34: =(SUMIFS(Data!$R$2:$R$51,Data!$G$2:$G$51,"refined_grain"))/1000 -> 2400.598 | G34: =IF(SUMIFS(Data!$R$2:$R$51,Data!$I$2:$I$51,"No")=0,"",F34*1000/SUMIFS(Data!$R$2:$R$51,Data!$I$2:$I$51,"No")) -> 0.077476669 | I34: =(SUMIFS(Data!$S$2:$S$51,Data!$G$2:$G$51,"refined_grain")+SUMIFS(Data!$T$2:$T$51,Data!$G$2:$G$51,"refined_grain"))/1000 -> 234.947 | J34: =IF((SUMIFS(Data!$S$2:$S$51,Data!$I$2:$I$51,"No")+SUMIFS(Data!$T$2:$T$51,Data!$I$2:$I$51,"No"))=0,"",I34*1000/(SUMIFS(Data!$S$2:$S$51,Data!$I$2:$I$51,"No")+SUMIFS(Data!$T$2:$T$51,Data!$I$2:$I$51,"No"))) -> 0.13339459
A35: FOOD GROUP 6
A36: Starchy Vegetables | B36: =(SUMIFS(Data!$AD$2:$AD$51,Data!$F$2:$F$51,"FG6"))/1000 -> 2110.945 | C36: =IF(SUMIFS(Data!$AD$2:$AD$51,Data!$I$2:$I$51,"No")=0,"",B36*1000/SUMIFS(Data!$AD$2:$AD$51,Data!$I$2:$I$51,"No")) -> 0.058506777 | D36: 0.04 | F36: =(SUMIFS(Data!$R$2:$R$51,Data!$F$2:$F$51,"FG6"))/1000 -> 2110.945 | G36: =IF(SUMIFS(Data!$R$2:$R$51,Data!$I$2:$I$51,"No")=0,"",F36*1000/SUMIFS(Data!$R$2:$R$51,Data!$I$2:$I$51,"No")) -> 0.068128436 | I36: =(SUMIFS(Data!$S$2:$S$51,Data!$F$2:$F$51,"FG6")+SUMIFS(Data!$T$2:$T$51,Data!$F$2:$F$51,"FG6"))/1000 -> 44.963129 | J36: =IF((SUMIFS(Data!$S$2:$S$51,Data!$I$2:$I$51,"No")+SUMIFS(Data!$T$2:$T$51,Data!$I$2:$I$51,"No"))=0,"",I36*1000/(SUMIFS(Data!$S$2:$S$51,Data!$I$2:$I$51,"No")+SUMIFS(Data!$T$2:$T$51,Data!$I$2:$I$51,"No"))) -> 0.025528473
A37: FOOD GROUP 7
A38: Plant-Based | B38: =(SUMIFS(Data!$AD$2:$AD$51,Data!$F$2:$F$51,"FG7",Data!$H$2:$H$51,"plant_based"))/1000 -> 0 | C38: =IF(SUMIFS(Data!$AD$2:$AD$51,Data!$I$2:$I$51,"No")=0,"",B38*1000/SUMIFS(Data!$AD$2:$AD$51,Data!$I$2:$I$51,"No")) -> 0 | D38: N/A | F38: =(SUMIFS(Data!$R$2:$R$51,Data!$F$2:$F$51,"FG7",Data!$H$2:$H$51,"plant_based"))/1000 -> 0 | G38: =IF(SUMIFS(Data!$R$2:$R$51,Data!$I$2:$I$51,"No")=0,"",F38*1000/SUMIFS(Data!$R$2:$R$51,Data!$I$2:$I$51,"No")) -> 0 | I38: =(SUMIFS(Data!$S$2:$S$51,Data!$F$2:$F$51,"FG7",Data!$H$2:$H$51,"plant_based")+SUMIFS(Data!$T$2:$T$51,Data!$F$2:$F$51,"FG7",Data!$H$2:$H$51,"plant_based"))/1000 -> 0 | J38: =IF((SUMIFS(Data!$S$2:$S$51,Data!$I$2:$I$51,"No")+SUMIFS(Data!$T$2:$T$51,Data!$I$2:$I$51,"No"))=0,"",I38*1000/(SUMIFS(Data!$S$2:$S$51,Data!$I$2:$I$51,"No")+SUMIFS(Data!$T$2:$T$51,Data!$I$2:$I$51,"No"))) -> 0
A39: Animal-Based | B39: =(SUMIFS(Data!$AD$2:$AD$51,Data!$F$2:$F$51,"FG7",Data!$H$2:$H$51,"animal_based"))/1000 -> 1240.7495 | C39: =IF(SUMIFS(Data!$AD$2:$AD$51,Data!$I$2:$I$51,"No")=0,"",B39*1000/SUMIFS(Data!$AD$2:$AD$51,Data!$I$2:$I$51,"No")) -> 0.03438851 | D39: N/A | F39: =(SUMIFS(Data!$R$2:$R$51,Data!$F$2:$F$51,"FG7",Data!$H$2:$H$51,"animal_based"))/1000 -> 1240.7495 | G39: =IF(SUMIFS(Data!$R$2:$R$51,Data!$I$2:$I$51,"No")=0,"",F39*1000/SUMIFS(Data!$R$2:$R$51,Data!$I$2:$I$51,"No")) -> 0.04004383 | I39: =(SUMIFS(Data!$S$2:$S$51,Data!$F$2:$F$51,"FG7",Data!$H$2:$H$51,"animal_based")+SUMIFS(Data!$T$2:$T$51,Data!$F$2:$F$51,"FG7",Data!$H$2:$H$51,"animal_based"))/1000 -> 78.167219 | J39: =IF((SUMIFS(Data!$S$2:$S$51,Data!$I$2:$I$51,"No")+SUMIFS(Data!$T$2:$T$51,Data!$I$2:$I$51,"No"))=0,"",I39*1000/(SUMIFS(Data!$S$2:$S$51,Data!$I$2:$I$51,"No")+SUMIFS(Data!$T$2:$T$51,Data!$I$2:$I$51,"No"))) -> 0.04438058
A40: Origin not determined | B40: =(SUMIFS(Data!$AD$2:$AD$51,Data!$F$2:$F$51,"FG7",Data!$H$2:$H$51,"not applicable"))/1000 -> 0 | C40: =IF(SUMIFS(Data!$AD$2:$AD$51,Data!$I$2:$I$51,"No")=0,"",B40*1000/SUMIFS(Data!$AD$2:$AD$51,Data!$I$2:$I$51,"No")) -> 0 | D40: — | F40: =(SUMIFS(Data!$R$2:$R$51,Data!$F$2:$F$51,"FG7",Data!$H$2:$H$51,"not applicable"))/1000 -> 0 | G40: =IF(SUMIFS(Data!$R$2:$R$51,Data!$I$2:$I$51,"No")=0,"",F40*1000/SUMIFS(Data!$R$2:$R$51,Data!$I$2:$I$51,"No")) -> 0 | I40: =(SUMIFS(Data!$S$2:$S$51,Data!$F$2:$F$51,"FG7",Data!$H$2:$H$51,"not applicable")+SUMIFS(Data!$T$2:$T$51,Data!$F$2:$F$51,"FG7",Data!$H$2:$H$51,"not applicable"))/1000 -> 0 | J40: =IF((SUMIFS(Data!$S$2:$S$51,Data!$I$2:$I$51,"No")+SUMIFS(Data!$T$2:$T$51,Data!$I$2:$I$51,"No"))=0,"",I40*1000/(SUMIFS(Data!$S$2:$S$51,Data!$I$2:$I$51,"No")+SUMIFS(Data!$T$2:$T$51,Data!$I$2:$I$51,"No"))) -> 0
A42: FOOD GROUP 1 PROPORTION BY SOURCE
A43: Plant | C43: =IF(((SUMIFS(Data!$AD$2:$AD$51,Data!$G$2:$G$51,"legumes") + SUMIFS(Data!$AD$2:$AD$51,Data!$G$2:$G$51,"nuts") + SUMIFS(Data!$AD$2:$AD$51,Data!$G$2:$G$51,"seeds") + SUMIFS(Data!$AD$2:$AD$51,Data!$G$2:$G$51,"meat_egg_seafood_alternatives") + SUMIFS(Data!$AD$2:$AD$51,Data!$G$2:$G$51,"tofu_tempeh_seitan"))+(SUMIFS(Data!$AD$2:$AD$51,Data!$G$2:$G$51,"red_meat") + SUMIFS(Data!$AD$2:$AD$51,Data!$G$2:$G$51,"poultry") + SUMIFS(Data!$AD$2:$AD$51,Data!$G$2:$G$51,"seafood") + SUMIFS(Data!$AD$2:$AD$51,Data!$G$2:$G$51,"eggs") + SUMIFS(Data!$AD$2:$AD$51,Data!$G$2:$G$51,"other_animal")))=0,"",(SUMIFS(Data!$AD$2:$AD$51,Data!$G$2:$G$51,"legumes") + SUMIFS(Data!$AD$2:$AD$51,Data!$G$2:$G$51,"nuts") + SUMIFS(Data!$AD$2:$AD$51,Data!$G$2:$G$51,"seeds") + SUMIFS(Data!$AD$2:$AD$51,Data!$G$2:$G$51,"meat_egg_seafood_alternatives") + SUMIFS(Data!$AD$2:$AD$51,Data!$G$2:$G$51,"tofu_tempeh_seitan"))/((SUMIFS(Data!$AD$2:$AD$51,Data!$G$2:$G$51,"legumes") + SUMIFS(Data!$AD$2:$AD$51,Data!$G$2:$G$51,"nuts") + SUMIFS(Data!$AD$2:$AD$51,Data!$G$2:$G$51,"seeds") + SUMIFS(Data!$AD$2:$AD$51,Data!$G$2:$G$51,"meat_egg_seafood_alternatives") + SUMIFS(Data!$AD$2:$AD$51,Data!$G$2:$G$51,"tofu_tempeh_seitan"))+(SUMIFS(Data!$AD$2:$AD$51,Data!$G$2:$G$51,"red_meat") + SUMIFS(Data!$AD$2:$AD$51,Data!$G$2:$G$51,"poultry") + SUMIFS(Data!$AD$2:$AD$51,Data!$G$2:$G$51,"seafood") + SUMIFS(Data!$AD$2:$AD$51,Data!$G$2:$G$51,"eggs") + SUMIFS(Data!$AD$2:$AD$51,Data!$G$2:$G$51,"other_animal")))) -> 0.10062812 | D43: 0.6
A44: Animal | C44: =IF(((SUMIFS(Data!$AD$2:$AD$51,Data!$G$2:$G$51,"legumes") + SUMIFS(Data!$AD$2:$AD$51,Data!$G$2:$G$51,"nuts") + SUMIFS(Data!$AD$2:$AD$51,Data!$G$2:$G$51,"seeds") + SUMIFS(Data!$AD$2:$AD$51,Data!$G$2:$G$51,"meat_egg_seafood_alternatives") + SUMIFS(Data!$AD$2:$AD$51,Data!$G$2:$G$51,"tofu_tempeh_seitan"))+(SUMIFS(Data!$AD$2:$AD$51,Data!$G$2:$G$51,"red_meat") + SUMIFS(Data!$AD$2:$AD$51,Data!$G$2:$G$51,"poultry") + SUMIFS(Data!$AD$2:$AD$51,Data!$G$2:$G$51,"seafood") + SUMIFS(Data!$AD$2:$AD$51,Data!$G$2:$G$51,"eggs") + SUMIFS(Data!$AD$2:$AD$51,Data!$G$2:$G$51,"other_animal")))=0,"",(SUMIFS(Data!$AD$2:$AD$51,Data!$G$2:$G$51,"red_meat") + SUMIFS(Data!$AD$2:$AD$51,Data!$G$2:$G$51,"poultry") + SUMIFS(Data!$AD$2:$AD$51,Data!$G$2:$G$51,"seafood") + SUMIFS(Data!$AD$2:$AD$51,Data!$G$2:$G$51,"eggs") + SUMIFS(Data!$AD$2:$AD$51,Data!$G$2:$G$51,"other_animal"))/((SUMIFS(Data!$AD$2:$AD$51,Data!$G$2:$G$51,"legumes") + SUMIFS(Data!$AD$2:$AD$51,Data!$G$2:$G$51,"nuts") + SUMIFS(Data!$AD$2:$AD$51,Data!$G$2:$G$51,"seeds") + SUMIFS(Data!$AD$2:$AD$51,Data!$G$2:$G$51,"meat_egg_seafood_alternatives") + SUMIFS(Data!$AD$2:$AD$51,Data!$G$2:$G$51,"tofu_tempeh_seitan"))+(SUMIFS(Data!$AD$2:$AD$51,Data!$G$2:$G$51,"red_meat") + SUMIFS(Data!$AD$2:$AD$51,Data!$G$2:$G$51,"poultry") + SUMIFS(Data!$AD$2:$AD$51,Data!$G$2:$G$51,"seafood") + SUMIFS(Data!$AD$2:$AD$51,Data!$G$2:$G$51,"eggs") + SUMIFS(Data!$AD$2:$AD$51,Data!$G$2:$G$51,"other_animal")))) -> 0.89937188 | D44: 0.4
A45: FOOD GROUP 2 PROPORTION BY SOURCE
A46: Plant | C46: =IF(((SUMIFS(Data!$AD$2:$AD$51,Data!$G$2:$G$51,"dairy_alternative_plant"))+(SUMIFS(Data!$AD$2:$AD$51,Data!$G$2:$G$51,"dairy_animal")))=0,"",(SUMIFS(Data!$AD$2:$AD$51,Data!$G$2:$G$51,"dairy_alternative_plant"))/((SUMIFS(Data!$AD$2:$AD$51,Data!$G$2:$G$51,"dairy_alternative_plant"))+(SUMIFS(Data!$AD$2:$AD$51,Data!$G$2:$G$51,"dairy_animal")))) -> 0.011081332 | D46: N/A
A47: Animal | C47: =IF(((SUMIFS(Data!$AD$2:$AD$51,Data!$G$2:$G$51,"dairy_alternative_plant"))+(SUMIFS(Data!$AD$2:$AD$51,Data!$G$2:$G$51,"dairy_animal")))=0,"",(SUMIFS(Data!$AD$2:$AD$51,Data!$G$2:$G$51,"dairy_animal"))/((SUMIFS(Data!$AD$2:$AD$51,Data!$G$2:$G$51,"dairy_alternative_plant"))+(SUMIFS(Data!$AD$2:$AD$51,Data!$G$2:$G$51,"dairy_animal")))) -> 0.98891867 | D47: N/A
A48: WHOLE DIET PROPORTION BY SOURCE
A49: Plant | C49: =IF((SUMIFS(Data!$AD$2:$AD$51,Data!$H$2:$H$51,"plant_based",Data!$I$2:$I$51,"No")+SUMIFS(Data!$AD$2:$AD$51,Data!$H$2:$H$51,"animal_based",Data!$I$2:$I$51,"No"))=0,"",(SUMIFS(Data!$AD$2:$AD$51,Data!$H$2:$H$51,"plant_based",Data!$I$2:$I$51,"No"))/(SUMIFS(Data!$AD$2:$AD$51,Data!$H$2:$H$51,"plant_based",Data!$I$2:$I$51,"No")+SUMIFS(Data!$AD$2:$AD$51,Data!$H$2:$H$51,"animal_based",Data!$I$2:$I$51,"No"))) -> 0.42450271 | D49: 0.74
A50: Animal | C50: =IF((SUMIFS(Data!$AD$2:$AD$51,Data!$H$2:$H$51,"plant_based",Data!$I$2:$I$51,"No")+SUMIFS(Data!$AD$2:$AD$51,Data!$H$2:$H$51,"animal_based",Data!$I$2:$I$51,"No"))=0,"",(SUMIFS(Data!$AD$2:$AD$51,Data!$H$2:$H$51,"animal_based",Data!$I$2:$I$51,"No"))/(SUMIFS(Data!$AD$2:$AD$51,Data!$H$2:$H$51,"plant_based",Data!$I$2:$I$51,"No")+SUMIFS(Data!$AD$2:$AD$51,Data!$H$2:$H$51,"animal_based",Data!$I$2:$I$51,"No"))) -> 0.57549729 | D50: 0.26
A52: COMPOSITE PRODUCTS
A54: Share of composites in measured sales | C54: =IF(SUMIFS(Data!$AD$2:$AD$51,Data!$I$2:$I$51,"No")+SUMIFS(Data!$AD$2:$AD$51,Data!$I$2:$I$51,"Yes")=0,"",SUMIFS(Data!$AD$2:$AD$51,Data!$I$2:$I$51,"Yes")/(SUMIFS(Data!$AD$2:$AD$51,Data!$I$2:$I$51,"No")+SUMIFS(Data!$AD$2:$AD$51,Data!$I$2:$I$51,"Yes"))) -> 0.017744442
A56: COMPOSITION | B56: Mass (t) | C56: Share
A57: Meat-based | B57: =SUMIFS(Data!$R$2:$R$51,Data!$J$2:$J$51,"meat_based")/1000 -> 413.60812 | C57: =IF(SUMIFS(Data!$AD$2:$AD$51,Data!$I$2:$I$51,"Yes")=0,"",B57*1000/SUMIFS(Data!$AD$2:$AD$51,Data!$I$2:$I$51,"Yes")) -> 0.63457134
A58: Seafood-based | B58: =SUMIFS(Data!$R$2:$R$51,Data!$J$2:$J$51,"seafood_based")/1000 -> 54.9112 | C58: =IF(SUMIFS(Data!$AD$2:$AD$51,Data!$I$2:$I$51,"Yes")=0,"",B58*1000/SUMIFS(Data!$AD$2:$AD$51,Data!$I$2:$I$51,"Yes")) -> 0.08424659
A59: Vegetarian | B59: =SUMIFS(Data!$R$2:$R$51,Data!$J$2:$J$51,"vegetarian")/1000 -> 150.36255 | C59: =IF(SUMIFS(Data!$AD$2:$AD$51,Data!$I$2:$I$51,"Yes")=0,"",B59*1000/SUMIFS(Data!$AD$2:$AD$51,Data!$I$2:$I$51,"Yes")) -> 0.23069123
A60: Vegan | B60: =SUMIFS(Data!$R$2:$R$51,Data!$J$2:$J$51,"vegan")/1000 -> 32.9095 | C60: =IF(SUMIFS(Data!$AD$2:$AD$51,Data!$I$2:$I$51,"Yes")=0,"",B60*1000/SUMIFS(Data!$AD$2:$AD$51,Data!$I$2:$I$51,"Yes")) -> 0.05049085
A61: Total | B61: =SUM(B57:B60) -> 651.79137 | C61: =SUM(C57:C60) -> 1
A64: PHD column: the Planetary Health Diet proportions as printed in the "PHD" column of Appendix D of the WWF Planet-based diet methodology. A dash flags a row for which Appendix D gives no target.
A65: The weights after applying the WWF methodology in Appendix B dairy equivalents) are the primary columns (left-hand side). The right-hand column gives the product mass actually sold, without this conversion.
A66: Composites are counted at the total weight of the product, as the "composite product level" approach of step 1 prescribes.
A69: THE SAME BREAKDOWN, IN PROTEIN
A70: The mass and protein columns are in product mass, without the Appendix B dairy equivalent.
A71: Food group | B71: Mass (t) | C71: Protein (t) | D71: Plant protein (t) | E71: Animal protein (t) | F71: Plant share (weight) | G71: Animal share (weight)
A72: FG1 · Proteins | B72: =SUMIFS(Data!$R$2:$R$51,Data!$F$2:$F$51,"FG1")/1000 -> 3769.0916 | C72: =D72+E72 -> 703.65327 | D72: =SUMIFS(Data!$S$2:$S$51,Data!$F$2:$F$51,"FG1")/1000 -> 70.946541 | E72: =SUMIFS(Data!$T$2:$T$51,Data!$F$2:$F$51,"FG1")/1000 -> 632.70673 | F72: =IF(SUMIFS(Data!$R$2:$R$51,Data!$F$2:$F$51,"FG1",Data!$H$2:$H$51,"plant_based")+SUMIFS(Data!$R$2:$R$51,Data!$F$2:$F$51,"FG1",Data!$H$2:$H$51,"animal_based")=0,"",SUMIFS(Data!$R$2:$R$51,Data!$F$2:$F$51,"FG1",Data!$H$2:$H$51,"plant_based")/(SUMIFS(Data!$R$2:$R$51,Data!$F$2:$F$51,"FG1",Data!$H$2:$H$51,"plant_based")+SUMIFS(Data!$R$2:$R$51,Data!$F$2:$F$51,"FG1",Data!$H$2:$H$51,"animal_based"))) -> 0.095468281 | G72: =IF(SUMIFS(Data!$R$2:$R$51,Data!$F$2:$F$51,"FG1",Data!$H$2:$H$51,"plant_based")+SUMIFS(Data!$R$2:$R$51,Data!$F$2:$F$51,"FG1",Data!$H$2:$H$51,"animal_based")=0,"",SUMIFS(Data!$R$2:$R$51,Data!$F$2:$F$51,"FG1",Data!$H$2:$H$51,"animal_based")/(SUMIFS(Data!$R$2:$R$51,Data!$F$2:$F$51,"FG1",Data!$H$2:$H$51,"plant_based")+SUMIFS(Data!$R$2:$R$51,Data!$F$2:$F$51,"FG1",Data!$H$2:$H$51,"animal_based"))) -> 0.90453172
A73: FG2 · Dairy products and alternatives | B73: =SUMIFS(Data!$R$2:$R$51,Data!$F$2:$F$51,"FG2")/1000 -> 11047.351 | C73: =D73+E73 -> 551.36905 | D73: =SUMIFS(Data!$S$2:$S$51,Data!$F$2:$F$51,"FG2")/1000 -> 12.52195 | E73: =SUMIFS(Data!$T$2:$T$51,Data!$F$2:$F$51,"FG2")/1000 -> 538.8471 | F73: =IF(SUMIFS(Data!$R$2:$R$51,Data!$F$2:$F$51,"FG2",Data!$H$2:$H$51,"plant_based")+SUMIFS(Data!$R$2:$R$51,Data!$F$2:$F$51,"FG2",Data!$H$2:$H$51,"animal_based")=0,"",SUMIFS(Data!$R$2:$R$51,Data!$F$2:$F$51,"FG2",Data!$H$2:$H$51,"plant_based")/(SUMIFS(Data!$R$2:$R$51,Data!$F$2:$F$51,"FG2",Data!$H$2:$H$51,"plant_based")+SUMIFS(Data!$R$2:$R$51,Data!$F$2:$F$51,"FG2",Data!$H$2:$H$51,"animal_based"))) -> 0.01619257 | G73: =IF(SUMIFS(Data!$R$2:$R$51,Data!$F$2:$F$51,"FG2",Data!$H$2:$H$51,"plant_based")+SUMIFS(Data!$R$2:$R$51,Data!$F$2:$F$51,"FG2",Data!$H$2:$H$51,"animal_based")=0,"",SUMIFS(Data!$R$2:$R$51,Data!$F$2:$F$51,"FG2",Data!$H$2:$H$51,"animal_based")/(SUMIFS(Data!$R$2:$R$51,Data!$F$2:$F$51,"FG2",Data!$H$2:$H$51,"plant_based")+SUMIFS(Data!$R$2:$R$51,Data!$F$2:$F$51,"FG2",Data!$H$2:$H$51,"animal_based"))) -> 0.98380743
A74: FG3 · Fats | B74: =SUMIFS(Data!$R$2:$R$51,Data!$F$2:$F$51,"FG3")/1000 -> 898.30977 | C74: =D74+E74 -> 5.2420551 | D74: =SUMIFS(Data!$S$2:$S$51,Data!$F$2:$F$51,"FG3")/1000 -> 3.7410426 | E74: =SUMIFS(Data!$T$2:$T$51,Data!$F$2:$F$51,"FG3")/1000 -> 1.5010125 | F74: =IF(SUMIFS(Data!$R$2:$R$51,Data!$F$2:$F$51,"FG3",Data!$H$2:$H$51,"plant_based")+SUMIFS(Data!$R$2:$R$51,Data!$F$2:$F$51,"FG3",Data!$H$2:$H$51,"animal_based")=0,"",SUMIFS(Data!$R$2:$R$51,Data!$F$2:$F$51,"FG3",Data!$H$2:$H$51,"plant_based")/(SUMIFS(Data!$R$2:$R$51,Data!$F$2:$F$51,"FG3",Data!$H$2:$H$51,"plant_based")+SUMIFS(Data!$R$2:$R$51,Data!$F$2:$F$51,"FG3",Data!$H$2:$H$51,"animal_based"))) -> 0.83290703 | G74: =IF(SUMIFS(Data!$R$2:$R$51,Data!$F$2:$F$51,"FG3",Data!$H$2:$H$51,"plant_based")+SUMIFS(Data!$R$2:$R$51,Data!$F$2:$F$51,"FG3",Data!$H$2:$H$51,"animal_based")=0,"",SUMIFS(Data!$R$2:$R$51,Data!$F$2:$F$51,"FG3",Data!$H$2:$H$51,"animal_based")/(SUMIFS(Data!$R$2:$R$51,Data!$F$2:$F$51,"FG3",Data!$H$2:$H$51,"plant_based")+SUMIFS(Data!$R$2:$R$51,Data!$F$2:$F$51,"FG3",Data!$H$2:$H$51,"animal_based"))) -> 0.16709297
A75: FG4 · Fruits and vegetables | B75: =SUMIFS(Data!$R$2:$R$51,Data!$F$2:$F$51,"FG4")/1000 -> 9000.99 | C75: =D75+E75 -> 95.410494 | D75: =SUMIFS(Data!$S$2:$S$51,Data!$F$2:$F$51,"FG4")/1000 -> 95.410494 | E75: =SUMIFS(Data!$T$2:$T$51,Data!$F$2:$F$51,"FG4")/1000 -> 0 | F75: =IF(SUMIFS(Data!$R$2:$R$51,Data!$F$2:$F$51,"FG4",Data!$H$2:$H$51,"plant_based")+SUMIFS(Data!$R$2:$R$51,Data!$F$2:$F$51,"FG4",Data!$H$2:$H$51,"animal_based")=0,"",SUMIFS(Data!$R$2:$R$51,Data!$F$2:$F$51,"FG4",Data!$H$2:$H$51,"plant_based")/(SUMIFS(Data!$R$2:$R$51,Data!$F$2:$F$51,"FG4",Data!$H$2:$H$51,"plant_based")+SUMIFS(Data!$R$2:$R$51,Data!$F$2:$F$51,"FG4",Data!$H$2:$H$51,"animal_based"))) -> 1 | G75: =IF(SUMIFS(Data!$R$2:$R$51,Data!$F$2:$F$51,"FG4",Data!$H$2:$H$51,"plant_based")+SUMIFS(Data!$R$2:$R$51,Data!$F$2:$F$51,"FG4",Data!$H$2:$H$51,"animal_based")=0,"",SUMIFS(Data!$R$2:$R$51,Data!$F$2:$F$51,"FG4",Data!$H$2:$H$51,"animal_based")/(SUMIFS(Data!$R$2:$R$51,Data!$F$2:$F$51,"FG4",Data!$H$2:$H$51,"plant_based")+SUMIFS(Data!$R$2:$R$51,Data!$F$2:$F$51,"FG4",Data!$H$2:$H$51,"animal_based"))) -> 0
A76: FG5 · Cereals | B76: =SUMIFS(Data!$R$2:$R$51,Data!$F$2:$F$51,"FG5")/1000 -> 2917.3491 | C76: =D76+E76 -> 282.4881 | D76: =SUMIFS(Data!$S$2:$S$51,Data!$F$2:$F$51,"FG5")/1000 -> 282.4881 | E76: =SUMIFS(Data!$T$2:$T$51,Data!$F$2:$F$51,"FG5")/1000 -> 0 | F76: =IF(SUMIFS(Data!$R$2:$R$51,Data!$F$2:$F$51,"FG5",Data!$H$2:$H$51,"plant_based")+SUMIFS(Data!$R$2:$R$51,Data!$F$2:$F$51,"FG5",Data!$H$2:$H$51,"animal_based")=0,"",SUMIFS(Data!$R$2:$R$51,Data!$F$2:$F$51,"FG5",Data!$H$2:$H$51,"plant_based")/(SUMIFS(Data!$R$2:$R$51,Data!$F$2:$F$51,"FG5",Data!$H$2:$H$51,"plant_based")+SUMIFS(Data!$R$2:$R$51,Data!$F$2:$F$51,"FG5",Data!$H$2:$H$51,"animal_based"))) -> 1 | G76: =IF(SUMIFS(Data!$R$2:$R$51,Data!$F$2:$F$51,"FG5",Data!$H$2:$H$51,"plant_based")+SUMIFS(Data!$R$2:$R$51,Data!$F$2:$F$51,"FG5",Data!$H$2:$H$51,"animal_based")=0,"",SUMIFS(Data!$R$2:$R$51,Data!$F$2:$F$51,"FG5",Data!$H$2:$H$51,"animal_based")/(SUMIFS(Data!$R$2:$R$51,Data!$F$2:$F$51,"FG5",Data!$H$2:$H$51,"plant_based")+SUMIFS(Data!$R$2:$R$51,Data!$F$2:$F$51,"FG5",Data!$H$2:$H$51,"animal_based"))) -> 0
A77: FG6 · Starchy vegetables | B77: =SUMIFS(Data!$R$2:$R$51,Data!$F$2:$F$51,"FG6")/1000 -> 2110.945 | C77: =D77+E77 -> 44.963129 | D77: =SUMIFS(Data!$S$2:$S$51,Data!$F$2:$F$51,"FG6")/1000 -> 44.963129 | E77: =SUMIFS(Data!$T$2:$T$51,Data!$F$2:$F$51,"FG6")/1000 -> 0 | F77: =IF(SUMIFS(Data!$R$2:$R$51,Data!$F$2:$F$51,"FG6",Data!$H$2:$H$51,"plant_based")+SUMIFS(Data!$R$2:$R$51,Data!$F$2:$F$51,"FG6",Data!$H$2:$H$51,"animal_based")=0,"",SUMIFS(Data!$R$2:$R$51,Data!$F$2:$F$51,"FG6",Data!$H$2:$H$51,"plant_based")/(SUMIFS(Data!$R$2:$R$51,Data!$F$2:$F$51,"FG6",Data!$H$2:$H$51,"plant_based")+SUMIFS(Data!$R$2:$R$51,Data!$F$2:$F$51,"FG6",Data!$H$2:$H$51,"animal_based"))) -> 1 | G77: =IF(SUMIFS(Data!$R$2:$R$51,Data!$F$2:$F$51,"FG6",Data!$H$2:$H$51,"plant_based")+SUMIFS(Data!$R$2:$R$51,Data!$F$2:$F$51,"FG6",Data!$H$2:$H$51,"animal_based")=0,"",SUMIFS(Data!$R$2:$R$51,Data!$F$2:$F$51,"FG6",Data!$H$2:$H$51,"animal_based")/(SUMIFS(Data!$R$2:$R$51,Data!$F$2:$F$51,"FG6",Data!$H$2:$H$51,"plant_based")+SUMIFS(Data!$R$2:$R$51,Data!$F$2:$F$51,"FG6",Data!$H$2:$H$51,"animal_based"))) -> 0
A78: FG7 · Discretionary | B78: =SUMIFS(Data!$R$2:$R$51,Data!$F$2:$F$51,"FG7")/1000 -> 1240.7495 | C78: =D78+E78 -> 78.167219 | D78: =SUMIFS(Data!$S$2:$S$51,Data!$F$2:$F$51,"FG7")/1000 -> 54.841128 | E78: =SUMIFS(Data!$T$2:$T$51,Data!$F$2:$F$51,"FG7")/1000 -> 23.326091 | F78: =IF(SUMIFS(Data!$R$2:$R$51,Data!$F$2:$F$51,"FG7",Data!$H$2:$H$51,"plant_based")+SUMIFS(Data!$R$2:$R$51,Data!$F$2:$F$51,"FG7",Data!$H$2:$H$51,"animal_based")=0,"",SUMIFS(Data!$R$2:$R$51,Data!$F$2:$F$51,"FG7",Data!$H$2:$H$51,"plant_based")/(SUMIFS(Data!$R$2:$R$51,Data!$F$2:$F$51,"FG7",Data!$H$2:$H$51,"plant_based")+SUMIFS(Data!$R$2:$R$51,Data!$F$2:$F$51,"FG7",Data!$H$2:$H$51,"animal_based"))) -> 0 | G78: =IF(SUMIFS(Data!$R$2:$R$51,Data!$F$2:$F$51,"FG7",Data!$H$2:$H$51,"plant_based")+SUMIFS(Data!$R$2:$R$51,Data!$F$2:$F$51,"FG7",Data!$H$2:$H$51,"animal_based")=0,"",SUMIFS(Data!$R$2:$R$51,Data!$F$2:$F$51,"FG7",Data!$H$2:$H$51,"animal_based")/(SUMIFS(Data!$R$2:$R$51,Data!$F$2:$F$51,"FG7",Data!$H$2:$H$51,"plant_based")+SUMIFS(Data!$R$2:$R$51,Data!$F$2:$F$51,"FG7",Data!$H$2:$H$51,"animal_based"))) -> 1
A79: Total | B79: =SUM(B72:B78) -> 30984.786 | C79: =SUM(C72:C78) -> 1761.2933 | D79: =SUM(D72:D78) -> 564.91239 | E79: =SUM(E72:E78) -> 1196.3809 | F79: =IF((SUMIFS(Data!$R$2:$R$51,Data!$F$2:$F$51,"FG1",Data!$H$2:$H$51,"plant_based")+SUMIFS(Data!$R$2:$R$51,Data!$F$2:$F$51,"FG2",Data!$H$2:$H$51,"plant_based")+SUMIFS(Data!$R$2:$R$51,Data!$F$2:$F$51,"FG3",Data!$H$2:$H$51,"plant_based")+SUMIFS(Data!$R$2:$R$51,Data!$F$2:$F$51,"FG4",Data!$H$2:$H$51,"plant_based")+SUMIFS(Data!$R$2:$R$51,Data!$F$2:$F$51,"FG5",Data!$H$2:$H$51,"plant_based")+SUMIFS(Data!$R$2:$R$51,Data!$F$2:$F$51,"FG6",Data!$H$2:$H$51,"plant_based")+SUMIFS(Data!$R$2:$R$51,Data!$F$2:$F$51,"FG7",Data!$H$2:$H$51,"plant_based"))+(SUMIFS(Data!$R$2:$R$51,Data!$F$2:$F$51,"FG1",Data!$H$2:$H$51,"animal_based")+SUMIFS(Data!$R$2:$R$51,Data!$F$2:$F$51,"FG2",Data!$H$2:$H$51,"animal_based")+SUMIFS(Data!$R$2:$R$51,Data!$F$2:$F$51,"FG3",Data!$H$2:$H$51,"animal_based")+SUMIFS(Data!$R$2:$R$51,Data!$F$2:$F$51,"FG4",Data!$H$2:$H$51,"animal_based")+SUMIFS(Data!$R$2:$R$51,Data!$F$2:$F$51,"FG5",Data!$H$2:$H$51,"animal_based")+SUMIFS(Data!$R$2:$R$51,Data!$F$2:$F$51,"FG6",Data!$H$2:$H$51,"animal_based")+SUMIFS(Data!$R$2:$R$51,Data!$F$2:$F$51,"FG7",Data!$H$2:$H$51,"animal_based"))=0,"",(SUMIFS(Data!$R$2:$R$51,Data!$F$2:$F$51,"FG1",Data!$H$2:$H$51,"plant_based")+SUMIFS(Data!$R$2:$R$51,Data!$F$2:$F$51,"FG2",Data!$H$2:$H$51,"plant_based")+SUMIFS(Data!$R$2:$R$51,Data!$F$2:$F$51,"FG3",Data!$H$2:$H$51,"plant_based")+SUMIFS(Data!$R$2:$R$51,Data!$F$2:$F$51,"FG4",Data!$H$2:$H$51,"plant_based")+SUMIFS(Data!$R$2:$R$51,Data!$F$2:$F$51,"FG5",Data!$H$2:$H$51,"plant_based")+SUMIFS(Data!$R$2:$R$51,Data!$F$2:$F$51,"FG6",Data!$H$2:$H$51,"plant_based")+SUMIFS(Data!$R$2:$R$51,Data!$F$2:$F$51,"FG7",Data!$H$2:$H$51,"plant_based"))/((SUMIFS(Data!$R$2:$R$51,Data!$F$2:$F$51,"FG1",Data!$H$2:$H$51,"plant_based")+SUMIFS(Data!$R$2:$R$51,Data!$F$2:$F$51,"FG2",Data!$H$2:$H$51,"plant_based")+SUMIFS(Data!$R$2:$R$51,Data!$F$2:$F$51,"FG3",Data!$H$2:$H$51,"plant_based")+SUMIFS(Data!$R$2:$R$51,Data!$F$2:$F$51,"FG4",Data!$H$2:$H$51,"plant_based")+SUMIFS(Data!$R$2:$R$51,Data!$F$2:$F$51,"FG5",Data!$H$2:$H$51,"plant_based")+SUMIFS(Data!$R$2:$R$51,Data!$F$2:$F$51,"FG6",Data!$H$2:$H$51,"plant_based")+SUMIFS(Data!$R$2:$R$51,Data!$F$2:$F$51,"FG7",Data!$H$2:$H$51,"plant_based"))+(SUMIFS(Data!$R$2:$R$51,Data!$F$2:$F$51,"FG1",Data!$H$2:$H$51,"animal_based")+SUMIFS(Data!$R$2:$R$51,Data!$F$2:$F$51,"FG2",Data!$H$2:$H$51,"animal_based")+SUMIFS(Data!$R$2:$R$51,Data!$F$2:$F$51,"FG3",Data!$H$2:$H$51,"animal_based")+SUMIFS(Data!$R$2:$R$51,Data!$F$2:$F$51,"FG4",Data!$H$2:$H$51,"animal_based")+SUMIFS(Data!$R$2:$R$51,Data!$F$2:$F$51,"FG5",Data!$H$2:$H$51,"animal_based")+SUMIFS(Data!$R$2:$R$51,Data!$F$2:$F$51,"FG6",Data!$H$2:$H$51,"animal_based")+SUMIFS(Data!$R$2:$R$51,Data!$F$2:$F$51,"FG7",Data!$H$2:$H$51,"animal_based")))) -> 0.49431377 | G79: =IF((SUMIFS(Data!$R$2:$R$51,Data!$F$2:$F$51,"FG1",Data!$H$2:$H$51,"plant_based")+SUMIFS(Data!$R$2:$R$51,Data!$F$2:$F$51,"FG2",Data!$H$2:$H$51,"plant_based")+SUMIFS(Data!$R$2:$R$51,Data!$F$2:$F$51,"FG3",Data!$H$2:$H$51,"plant_based")+SUMIFS(Data!$R$2:$R$51,Data!$F$2:$F$51,"FG4",Data!$H$2:$H$51,"plant_based")+SUMIFS(Data!$R$2:$R$51,Data!$F$2:$F$51,"FG5",Data!$H$2:$H$51,"plant_based")+SUMIFS(Data!$R$2:$R$51,Data!$F$2:$F$51,"FG6",Data!$H$2:$H$51,"plant_based")+SUMIFS(Data!$R$2:$R$51,Data!$F$2:$F$51,"FG7",Data!$H$2:$H$51,"plant_based"))+(SUMIFS(Data!$R$2:$R$51,Data!$F$2:$F$51,"FG1",Data!$H$2:$H$51,"animal_based")+SUMIFS(Data!$R$2:$R$51,Data!$F$2:$F$51,"FG2",Data!$H$2:$H$51,"animal_based")+SUMIFS(Data!$R$2:$R$51,Data!$F$2:$F$51,"FG3",Data!$H$2:$H$51,"animal_based")+SUMIFS(Data!$R$2:$R$51,Data!$F$2:$F$51,"FG4",Data!$H$2:$H$51,"animal_based")+SUMIFS(Data!$R$2:$R$51,Data!$F$2:$F$51,"FG5",Data!$H$2:$H$51,"animal_based")+SUMIFS(Data!$R$2:$R$51,Data!$F$2:$F$51,"FG6",Data!$H$2:$H$51,"animal_based")+SUMIFS(Data!$R$2:$R$51,Data!$F$2:$F$51,"FG7",Data!$H$2:$H$51,"animal_based"))=0,"",(SUMIFS(Data!$R$2:$R$51,Data!$F$2:$F$51,"FG1",Data!$H$2:$H$51,"animal_based")+SUMIFS(Data!$R$2:$R$51,Data!$F$2:$F$51,"FG2",Data!$H$2:$H$51,"animal_based")+SUMIFS(Data!$R$2:$R$51,Data!$F$2:$F$51,"FG3",Data!$H$2:$H$51,"animal_based")+SUMIFS(Data!$R$2:$R$51,Data!$F$2:$F$51,"FG4",Data!$H$2:$H$51,"animal_based")+SUMIFS(Data!$R$2:$R$51,Data!$F$2:$F$51,"FG5",Data!$H$2:$H$51,"animal_based")+SUMIFS(Data!$R$2:$R$51,Data!$F$2:$F$51,"FG6",Data!$H$2:$H$51,"animal_based")+SUMIFS(Data!$R$2:$R$51,Data!$F$2:$F$51,"FG7",Data!$H$2:$H$51,"animal_based"))/((SUMIFS(Data!$R$2:$R$51,Data!$F$2:$F$51,"FG1",Data!$H$2:$H$51,"plant_based")+SUMIFS(Data!$R$2:$R$51,Data!$F$2:$F$51,"FG2",Data!$H$2:$H$51,"plant_based")+SUMIFS(Data!$R$2:$R$51,Data!$F$2:$F$51,"FG3",Data!$H$2:$H$51,"plant_based")+SUMIFS(Data!$R$2:$R$51,Data!$F$2:$F$51,"FG4",Data!$H$2:$H$51,"plant_based")+SUMIFS(Data!$R$2:$R$51,Data!$F$2:$F$51,"FG5",Data!$H$2:$H$51,"plant_based")+SUMIFS(Data!$R$2:$R$51,Data!$F$2:$F$51,"FG6",Data!$H$2:$H$51,"plant_based")+SUMIFS(Data!$R$2:$R$51,Data!$F$2:$F$51,"FG7",Data!$H$2:$H$51,"plant_based"))+(SUMIFS(Data!$R$2:$R$51,Data!$F$2:$F$51,"FG1",Data!$H$2:$H$51,"animal_based")+SUMIFS(Data!$R$2:$R$51,Data!$F$2:$F$51,"FG2",Data!$H$2:$H$51,"animal_based")+SUMIFS(Data!$R$2:$R$51,Data!$F$2:$F$51,"FG3",Data!$H$2:$H$51,"animal_based")+SUMIFS(Data!$R$2:$R$51,Data!$F$2:$F$51,"FG4",Data!$H$2:$H$51,"animal_based")+SUMIFS(Data!$R$2:$R$51,Data!$F$2:$F$51,"FG5",Data!$H$2:$H$51,"animal_based")+SUMIFS(Data!$R$2:$R$51,Data!$F$2:$F$51,"FG6",Data!$H$2:$H$51,"animal_based")+SUMIFS(Data!$R$2:$R$51,Data!$F$2:$F$51,"FG7",Data!$H$2:$H$51,"animal_based")))) -> 0.50568623
A81: The rest of the catalogue
B82: Mass (t) | C82: Protein (t) | D82: Plant protein (t) | E82: Animal protein (t) | F82: Plant share (weight) | G82: Animal share (weight)
A83: Composite products | B83: =SUMIFS(Data!$R$2:$R$51,Data!$I$2:$I$51,"Yes")/1000 -> 651.79137 | C83: =D83+E83 -> 126.65016 | D83: =SUMIFS(Data!$S$2:$S$51,Data!$I$2:$I$51,"Yes")/1000 -> 61.918499 | E83: =SUMIFS(Data!$T$2:$T$51,Data!$I$2:$I$51,"Yes")/1000 -> 64.731665 | F83: =IF(SUMIFS(Data!$R$2:$R$51,Data!$I$2:$I$51,"Yes",Data!$H$2:$H$51,"plant_based")+SUMIFS(Data!$R$2:$R$51,Data!$I$2:$I$51,"Yes",Data!$H$2:$H$51,"animal_based")=0,"",SUMIFS(Data!$R$2:$R$51,Data!$I$2:$I$51,"Yes",Data!$H$2:$H$51,"plant_based")/(SUMIFS(Data!$R$2:$R$51,Data!$I$2:$I$51,"Yes",Data!$H$2:$H$51,"plant_based")+SUMIFS(Data!$R$2:$R$51,Data!$I$2:$I$51,"Yes",Data!$H$2:$H$51,"animal_based"))) | G83: =IF(SUMIFS(Data!$R$2:$R$51,Data!$I$2:$I$51,"Yes",Data!$H$2:$H$51,"plant_based")+SUMIFS(Data!$R$2:$R$51,Data!$I$2:$I$51,"Yes",Data!$H$2:$H$51,"animal_based")=0,"",SUMIFS(Data!$R$2:$R$51,Data!$I$2:$I$51,"Yes",Data!$H$2:$H$51,"animal_based")/(SUMIFS(Data!$R$2:$R$51,Data!$I$2:$I$51,"Yes",Data!$H$2:$H$51,"plant_based")+SUMIFS(Data!$R$2:$R$51,Data!$I$2:$I$51,"Yes",Data!$H$2:$H$51,"animal_based")))
A84: Outside WWF scope | B84: =SUMIFS(Data!$R$2:$R$51,Data!$I$2:$I$51,"outside WWF scope")/1000 -> 8363.4205 | C84: =D84+E84 -> 91.737669 | D84: =SUMIFS(Data!$S$2:$S$51,Data!$I$2:$I$51,"outside WWF scope")/1000 -> 91.737669 | E84: =SUMIFS(Data!$T$2:$T$51,Data!$I$2:$I$51,"outside WWF scope")/1000 -> 0 | F84: =IF(SUMIFS(Data!$R$2:$R$51,Data!$I$2:$I$51,"outside WWF scope",Data!$H$2:$H$51,"plant_based")+SUMIFS(Data!$R$2:$R$51,Data!$I$2:$I$51,"outside WWF scope",Data!$H$2:$H$51,"animal_based")=0,"",SUMIFS(Data!$R$2:$R$51,Data!$I$2:$I$51,"outside WWF scope",Data!$H$2:$H$51,"plant_based")/(SUMIFS(Data!$R$2:$R$51,Data!$I$2:$I$51,"outside WWF scope",Data!$H$2:$H$51,"plant_based")+SUMIFS(Data!$R$2:$R$51,Data!$I$2:$I$51,"outside WWF scope",Data!$H$2:$H$51,"animal_based"))) | G84: =IF(SUMIFS(Data!$R$2:$R$51,Data!$I$2:$I$51,"outside WWF scope",Data!$H$2:$H$51,"plant_based")+SUMIFS(Data!$R$2:$R$51,Data!$I$2:$I$51,"outside WWF scope",Data!$H$2:$H$51,"animal_based")=0,"",SUMIFS(Data!$R$2:$R$51,Data!$I$2:$I$51,"outside WWF scope",Data!$H$2:$H$51,"animal_based")/(SUMIFS(Data!$R$2:$R$51,Data!$I$2:$I$51,"outside WWF scope",Data!$H$2:$H$51,"plant_based")+SUMIFS(Data!$R$2:$R$51,Data!$I$2:$I$51,"outside WWF scope",Data!$H$2:$H$51,"animal_based")))

Sheet By category
A1: BY CATEGORY
A3: WWF sub-groups
A5: WWF subgroup | B5: Mass (t) | C5: Protein (t) | D5: Plant protein (t) | E5: Animal protein (t) | F5: Plant share (weight) | G5: Animal share (weight)
A6: FG1 · red_meat | B6: =SUMIFS(Data!$R$2:$R$51,Data!$G$2:$G$51,"red_meat")/1000 -> 131.564 | C6: =D6+E6 -> 26.3128 | D6: =SUMIFS(Data!$S$2:$S$51,Data!$G$2:$G$51,"red_meat")/1000 -> 0 | E6: =SUMIFS(Data!$T$2:$T$51,Data!$G$2:$G$51,"red_meat")/1000 -> 26.3128 | F6: =IF(SUMIFS(Data!$R$2:$R$51,Data!$G$2:$G$51,"red_meat",Data!$H$2:$H$51,"plant_based")+SUMIFS(Data!$R$2:$R$51,Data!$G$2:$G$51,"red_meat",Data!$H$2:$H$51,"animal_based")=0,"",SUMIFS(Data!$R$2:$R$51,Data!$G$2:$G$51,"red_meat",Data!$H$2:$H$51,"plant_based")/(SUMIFS(Data!$R$2:$R$51,Data!$G$2:$G$51,"red_meat",Data!$H$2:$H$51,"plant_based")+SUMIFS(Data!$R$2:$R$51,Data!$G$2:$G$51,"red_meat",Data!$H$2:$H$51,"animal_based"))) -> 0 | G6: =IF(SUMIFS(Data!$R$2:$R$51,Data!$G$2:$G$51,"red_meat",Data!$H$2:$H$51,"plant_based")+SUMIFS(Data!$R$2:$R$51,Data!$G$2:$G$51,"red_meat",Data!$H$2:$H$51,"animal_based")=0,"",SUMIFS(Data!$R$2:$R$51,Data!$G$2:$G$51,"red_meat",Data!$H$2:$H$51,"animal_based")/(SUMIFS(Data!$R$2:$R$51,Data!$G$2:$G$51,"red_meat",Data!$H$2:$H$51,"plant_based")+SUMIFS(Data!$R$2:$R$51,Data!$G$2:$G$51,"red_meat",Data!$H$2:$H$51,"animal_based"))) -> 1
A7: FG1 · poultry | B7: =SUMIFS(Data!$R$2:$R$51,Data!$G$2:$G$51,"poultry")/1000 -> 1040.133 | C7: =D7+E7 -> 219.85027 | D7: =SUMIFS(Data!$S$2:$S$51,Data!$G$2:$G$51,"poultry")/1000 -> 0 | E7: =SUMIFS(Data!$T$2:$T$51,Data!$G$2:$G$51,"poultry")/1000 -> 219.85027 | F7: =IF(SUMIFS(Data!$R$2:$R$51,Data!$G$2:$G$51,"poultry",Data!$H$2:$H$51,"plant_based")+SUMIFS(Data!$R$2:$R$51,Data!$G$2:$G$51,"poultry",Data!$H$2:$H$51,"animal_based")=0,"",SUMIFS(Data!$R$2:$R$51,Data!$G$2:$G$51,"poultry",Data!$H$2:$H$51,"plant_based")/(SUMIFS(Data!$R$2:$R$51,Data!$G$2:$G$51,"poultry",Data!$H$2:$H$51,"plant_based")+SUMIFS(Data!$R$2:$R$51,Data!$G$2:$G$51,"poultry",Data!$H$2:$H$51,"animal_based"))) -> 0 | G7: =IF(SUMIFS(Data!$R$2:$R$51,Data!$G$2:$G$51,"poultry",Data!$H$2:$H$51,"plant_based")+SUMIFS(Data!$R$2:$R$51,Data!$G$2:$G$51,"poultry",Data!$H$2:$H$51,"animal_based")=0,"",SUMIFS(Data!$R$2:$R$51,Data!$G$2:$G$51,"poultry",Data!$H$2:$H$51,"animal_based")/(SUMIFS(Data!$R$2:$R$51,Data!$G$2:$G$51,"poultry",Data!$H$2:$H$51,"plant_based")+SUMIFS(Data!$R$2:$R$51,Data!$G$2:$G$51,"poultry",Data!$H$2:$H$51,"animal_based"))) -> 1
A8: FG1 · seafood | B8: =SUMIFS(Data!$R$2:$R$51,Data!$G$2:$G$51,"seafood")/1000 -> 774.237 | C8: =D8+E8 -> 174.06894 | D8: =SUMIFS(Data!$S$2:$S$51,Data!$G$2:$G$51,"seafood")/1000 -> 0 | E8: =SUMIFS(Data!$T$2:$T$51,Data!$G$2:$G$51,"seafood")/1000 -> 174.06894 | F8: =IF(SUMIFS(Data!$R$2:$R$51,Data!$G$2:$G$51,"seafood",Data!$H$2:$H$51,"plant_based")+SUMIFS(Data!$R$2:$R$51,Data!$G$2:$G$51,"seafood",Data!$H$2:$H$51,"animal_based")=0,"",SUMIFS(Data!$R$2:$R$51,Data!$G$2:$G$51,"seafood",Data!$H$2:$H$51,"plant_based")/(SUMIFS(Data!$R$2:$R$51,Data!$G$2:$G$51,"seafood",Data!$H$2:$H$51,"plant_based")+SUMIFS(Data!$R$2:$R$51,Data!$G$2:$G$51,"seafood",Data!$H$2:$H$51,"animal_based"))) -> 0 | G8: =IF(SUMIFS(Data!$R$2:$R$51,Data!$G$2:$G$51,"seafood",Data!$H$2:$H$51,"plant_based")+SUMIFS(Data!$R$2:$R$51,Data!$G$2:$G$51,"seafood",Data!$H$2:$H$51,"animal_based")=0,"",SUMIFS(Data!$R$2:$R$51,Data!$G$2:$G$51,"seafood",Data!$H$2:$H$51,"animal_based")/(SUMIFS(Data!$R$2:$R$51,Data!$G$2:$G$51,"seafood",Data!$H$2:$H$51,"plant_based")+SUMIFS(Data!$R$2:$R$51,Data!$G$2:$G$51,"seafood",Data!$H$2:$H$51,"animal_based"))) -> 1
A9: FG1 · eggs | B9: =SUMIFS(Data!$R$2:$R$51,Data!$G$2:$G$51,"eggs")/1000 -> 1434.4871 | C9: =D9+E9 -> 209.41584 | D9: =SUMIFS(Data!$S$2:$S$51,Data!$G$2:$G$51,"eggs")/1000 -> 0 | E9: =SUMIFS(Data!$T$2:$T$51,Data!$G$2:$G$51,"eggs")/1000 -> 209.41584 | F9: =IF(SUMIFS(Data!$R$2:$R$51,Data!$G$2:$G$51,"eggs",Data!$H$2:$H$51,"plant_based")+SUMIFS(Data!$R$2:$R$51,Data!$G$2:$G$51,"eggs",Data!$H$2:$H$51,"animal_based")=0,"",SUMIFS(Data!$R$2:$R$51,Data!$G$2:$G$51,"eggs",Data!$H$2:$H$51,"plant_based")/(SUMIFS(Data!$R$2:$R$51,Data!$G$2:$G$51,"eggs",Data!$H$2:$H$51,"plant_based")+SUMIFS(Data!$R$2:$R$51,Data!$G$2:$G$51,"eggs",Data!$H$2:$H$51,"animal_based"))) -> 0 | G9: =IF(SUMIFS(Data!$R$2:$R$51,Data!$G$2:$G$51,"eggs",Data!$H$2:$H$51,"plant_based")+SUMIFS(Data!$R$2:$R$51,Data!$G$2:$G$51,"eggs",Data!$H$2:$H$51,"animal_based")=0,"",SUMIFS(Data!$R$2:$R$51,Data!$G$2:$G$51,"eggs",Data!$H$2:$H$51,"animal_based")/(SUMIFS(Data!$R$2:$R$51,Data!$G$2:$G$51,"eggs",Data!$H$2:$H$51,"plant_based")+SUMIFS(Data!$R$2:$R$51,Data!$G$2:$G$51,"eggs",Data!$H$2:$H$51,"animal_based"))) -> 1
A10: FG1 · other_animal | B10: =SUMIFS(Data!$R$2:$R$51,Data!$G$2:$G$51,"other_animal")/1000 -> 9.394 | C10: =D10+E10 -> 1.50304 | D10: =SUMIFS(Data!$S$2:$S$51,Data!$G$2:$G$51,"other_animal")/1000 -> 0 | E10: =SUMIFS(Data!$T$2:$T$51,Data!$G$2:$G$51,"other_animal")/1000 -> 1.50304 | F10: =IF(SUMIFS(Data!$R$2:$R$51,Data!$G$2:$G$51,"other_animal",Data!$H$2:$H$51,"plant_based")+SUMIFS(Data!$R$2:$R$51,Data!$G$2:$G$51,"other_animal",Data!$H$2:$H$51,"animal_based")=0,"",SUMIFS(Data!$R$2:$R$51,Data!$G$2:$G$51,"other_animal",Data!$H$2:$H$51,"plant_based")/(SUMIFS(Data!$R$2:$R$51,Data!$G$2:$G$51,"other_animal",Data!$H$2:$H$51,"plant_based")+SUMIFS(Data!$R$2:$R$51,Data!$G$2:$G$51,"other_animal",Data!$H$2:$H$51,"animal_based"))) -> 0 | G10: =IF(SUMIFS(Data!$R$2:$R$51,Data!$G$2:$G$51,"other_animal",Data!$H$2:$H$51,"plant_based")+SUMIFS(Data!$R$2:$R$51,Data!$G$2:$G$51,"other_animal",Data!$H$2:$H$51,"animal_based")=0,"",SUMIFS(Data!$R$2:$R$51,Data!$G$2:$G$51,"other_animal",Data!$H$2:$H$51,"animal_based")/(SUMIFS(Data!$R$2:$R$51,Data!$G$2:$G$51,"other_animal",Data!$H$2:$H$51,"plant_based")+SUMIFS(Data!$R$2:$R$51,Data!$G$2:$G$51,"other_animal",Data!$H$2:$H$51,"animal_based"))) -> 1
A11: FG1 · legumes | B11: =SUMIFS(Data!$R$2:$R$51,Data!$G$2:$G$51,"legumes")/1000 -> 173.7752 | C11: =D11+E11 -> 19.115272 | D11: =SUMIFS(Data!$S$2:$S$51,Data!$G$2:$G$51,"legumes")/1000 -> 19.115272 | E11: =SUMIFS(Data!$T$2:$T$51,Data!$G$2:$G$51,"legumes")/1000 -> 0 | F11: =IF(SUMIFS(Data!$R$2:$R$51,Data!$G$2:$G$51,"legumes",Data!$H$2:$H$51,"plant_based")+SUMIFS(Data!$R$2:$R$51,Data!$G$2:$G$51,"legumes",Data!$H$2:$H$51,"animal_based")=0,"",SUMIFS(Data!$R$2:$R$51,Data!$G$2:$G$51,"legumes",Data!$H$2:$H$51,"plant_based")/(SUMIFS(Data!$R$2:$R$51,Data!$G$2:$G$51,"legumes",Data!$H$2:$H$51,"plant_based")+SUMIFS(Data!$R$2:$R$51,Data!$G$2:$G$51,"legumes",Data!$H$2:$H$51,"animal_based"))) -> 1 | G11: =IF(SUMIFS(Data!$R$2:$R$51,Data!$G$2:$G$51,"legumes",Data!$H$2:$H$51,"plant_based")+SUMIFS(Data!$R$2:$R$51,Data!$G$2:$G$51,"legumes",Data!$H$2:$H$51,"animal_based")=0,"",SUMIFS(Data!$R$2:$R$51,Data!$G$2:$G$51,"legumes",Data!$H$2:$H$51,"animal_based")/(SUMIFS(Data!$R$2:$R$51,Data!$G$2:$G$51,"legumes",Data!$H$2:$H$51,"plant_based")+SUMIFS(Data!$R$2:$R$51,Data!$G$2:$G$51,"legumes",Data!$H$2:$H$51,"animal_based"))) -> 0
A12: FG1 · nuts | B12: =SUMIFS(Data!$R$2:$R$51,Data!$G$2:$G$51,"nuts")/1000 -> 133.1031 | C12: =D12+E12 -> 36.460974 | D12: =SUMIFS(Data!$S$2:$S$51,Data!$G$2:$G$51,"nuts")/1000 -> 36.460974 | E12: =SUMIFS(Data!$T$2:$T$51,Data!$G$2:$G$51,"nuts")/1000 -> 0 | F12: =IF(SUMIFS(Data!$R$2:$R$51,Data!$G$2:$G$51,"nuts",Data!$H$2:$H$51,"plant_based")+SUMIFS(Data!$R$2:$R$51,Data!$G$2:$G$51,"nuts",Data!$H$2:$H$51,"animal_based")=0,"",SUMIFS(Data!$R$2:$R$51,Data!$G$2:$G$51,"nuts",Data!$H$2:$H$51,"plant_based")/(SUMIFS(Data!$R$2:$R$51,Data!$G$2:$G$51,"nuts",Data!$H$2:$H$51,"plant_based")+SUMIFS(Data!$R$2:$R$51,Data!$G$2:$G$51,"nuts",Data!$H$2:$H$51,"animal_based"))) -> 1 | G12: =IF(SUMIFS(Data!$R$2:$R$51,Data!$G$2:$G$51,"nuts",Data!$H$2:$H$51,"plant_based")+SUMIFS(Data!$R$2:$R$51,Data!$G$2:$G$51,"nuts",Data!$H$2:$H$51,"animal_based")=0,"",SUMIFS(Data!$R$2:$R$51,Data!$G$2:$G$51,"nuts",Data!$H$2:$H$51,"animal_based")/(SUMIFS(Data!$R$2:$R$51,Data!$G$2:$G$51,"nuts",Data!$H$2:$H$51,"plant_based")+SUMIFS(Data!$R$2:$R$51,Data!$G$2:$G$51,"nuts",Data!$H$2:$H$51,"animal_based"))) -> 0
A13: FG1 · seeds | B13: =SUMIFS(Data!$R$2:$R$51,Data!$G$2:$G$51,"seeds")/1000 -> 38.16 | C13: =D13+E13 -> 11.448 | D13: =SUMIFS(Data!$S$2:$S$51,Data!$G$2:$G$51,"seeds")/1000 -> 11.448 | E13: =SUMIFS(Data!$T$2:$T$51,Data!$G$2:$G$51,"seeds")/1000 -> 0 | F13: =IF(SUMIFS(Data!$R$2:$R$51,Data!$G$2:$G$51,"seeds",Data!$H$2:$H$51,"plant_based")+SUMIFS(Data!$R$2:$R$51,Data!$G$2:$G$51,"seeds",Data!$H$2:$H$51,"animal_based")=0,"",SUMIFS(Data!$R$2:$R$51,Data!$G$2:$G$51,"seeds",Data!$H$2:$H$51,"plant_based")/(SUMIFS(Data!$R$2:$R$51,Data!$G$2:$G$51,"seeds",Data!$H$2:$H$51,"plant_based")+SUMIFS(Data!$R$2:$R$51,Data!$G$2:$G$51,"seeds",Data!$H$2:$H$51,"animal_based"))) -> 1 | G13: =IF(SUMIFS(Data!$R$2:$R$51,Data!$G$2:$G$51,"seeds",Data!$H$2:$H$51,"plant_based")+SUMIFS(Data!$R$2:$R$51,Data!$G$2:$G$51,"seeds",Data!$H$2:$H$51,"animal_based")=0,"",SUMIFS(Data!$R$2:$R$51,Data!$G$2:$G$51,"seeds",Data!$H$2:$H$51,"animal_based")/(SUMIFS(Data!$R$2:$R$51,Data!$G$2:$G$51,"seeds",Data!$H$2:$H$51,"plant_based")+SUMIFS(Data!$R$2:$R$51,Data!$G$2:$G$51,"seeds",Data!$H$2:$H$51,"animal_based"))) -> 0
A14: FG1 · tofu_tempeh_seitan | B14: =SUMIFS(Data!$R$2:$R$51,Data!$G$2:$G$51,"tofu_tempeh_seitan")/1000 -> 14.7904 | C14: =D14+E14 -> 2.366464 | D14: =SUMIFS(Data!$S$2:$S$51,Data!$G$2:$G$51,"tofu_tempeh_seitan")/1000 -> 2.366464 | E14: =SUMIFS(Data!$T$2:$T$51,Data!$G$2:$G$51,"tofu_tempeh_seitan")/1000 -> 0 | F14: =IF(SUMIFS(Data!$R$2:$R$51,Data!$G$2:$G$51,"tofu_tempeh_seitan",Data!$H$2:$H$51,"plant_based")+SUMIFS(Data!$R$2:$R$51,Data!$G$2:$G$51,"tofu_tempeh_seitan",Data!$H$2:$H$51,"animal_based")=0,"",SUMIFS(Data!$R$2:$R$51,Data!$G$2:$G$51,"tofu_tempeh_seitan",Data!$H$2:$H$51,"plant_based")/(SUMIFS(Data!$R$2:$R$51,Data!$G$2:$G$51,"tofu_tempeh_seitan",Data!$H$2:$H$51,"plant_based")+SUMIFS(Data!$R$2:$R$51,Data!$G$2:$G$51,"tofu_tempeh_seitan",Data!$H$2:$H$51,"animal_based"))) -> 1 | G14: =IF(SUMIFS(Data!$R$2:$R$51,Data!$G$2:$G$51,"tofu_tempeh_seitan",Data!$H$2:$H$51,"plant_based")+SUMIFS(Data!$R$2:$R$51,Data!$G$2:$G$51,"tofu_tempeh_seitan",Data!$H$2:$H$51,"animal_based")=0,"",SUMIFS(Data!$R$2:$R$51,Data!$G$2:$G$51,"tofu_tempeh_seitan",Data!$H$2:$H$51,"animal_based")/(SUMIFS(Data!$R$2:$R$51,Data!$G$2:$G$51,"tofu_tempeh_seitan",Data!$H$2:$H$51,"plant_based")+SUMIFS(Data!$R$2:$R$51,Data!$G$2:$G$51,"tofu_tempeh_seitan",Data!$H$2:$H$51,"animal_based"))) -> 0
A15: FG1 · meat_egg_seafood_alternatives | B15: =SUMIFS(Data!$R$2:$R$51,Data!$G$2:$G$51,"meat_egg_seafood_alternatives")/1000 -> 19.44789 | C15: =D15+E15 -> 3.1116624 | D15: =SUMIFS(Data!$S$2:$S$51,Data!$G$2:$G$51,"meat_egg_seafood_alternatives")/1000 -> 1.5558312 | E15: =SUMIFS(Data!$T$2:$T$51,Data!$G$2:$G$51,"meat_egg_seafood_alternatives")/1000 -> 1.5558312 | F15: =IF(SUMIFS(Data!$R$2:$R$51,Data!$G$2:$G$51,"meat_egg_seafood_alternatives",Data!$H$2:$H$51,"plant_based")+SUMIFS(Data!$R$2:$R$51,Data!$G$2:$G$51,"meat_egg_seafood_alternatives",Data!$H$2:$H$51,"animal_based")=0,"",SUMIFS(Data!$R$2:$R$51,Data!$G$2:$G$51,"meat_egg_seafood_alternatives",Data!$H$2:$H$51,"plant_based")/(SUMIFS(Data!$R$2:$R$51,Data!$G$2:$G$51,"meat_egg_seafood_alternatives",Data!$H$2:$H$51,"plant_based")+SUMIFS(Data!$R$2:$R$51,Data!$G$2:$G$51,"meat_egg_seafood_alternatives",Data!$H$2:$H$51,"animal_based"))) -> 0 | G15: =IF(SUMIFS(Data!$R$2:$R$51,Data!$G$2:$G$51,"meat_egg_seafood_alternatives",Data!$H$2:$H$51,"plant_based")+SUMIFS(Data!$R$2:$R$51,Data!$G$2:$G$51,"meat_egg_seafood_alternatives",Data!$H$2:$H$51,"animal_based")=0,"",SUMIFS(Data!$R$2:$R$51,Data!$G$2:$G$51,"meat_egg_seafood_alternatives",Data!$H$2:$H$51,"animal_based")/(SUMIFS(Data!$R$2:$R$51,Data!$G$2:$G$51,"meat_egg_seafood_alternatives",Data!$H$2:$H$51,"plant_based")+SUMIFS(Data!$R$2:$R$51,Data!$G$2:$G$51,"meat_egg_seafood_alternatives",Data!$H$2:$H$51,"animal_based"))) -> 1
A16: FG2 · dairy_animal | B16: =SUMIFS(Data!$R$2:$R$51,Data!$G$2:$G$51,"dairy_animal")/1000 -> 10868.466 | C16: =D16+E16 -> 538.8471 | D16: =SUMIFS(Data!$S$2:$S$51,Data!$G$2:$G$51,"dairy_animal")/1000 -> 0 | E16: =SUMIFS(Data!$T$2:$T$51,Data!$G$2:$G$51,"dairy_animal")/1000 -> 538.8471 | F16: =IF(SUMIFS(Data!$R$2:$R$51,Data!$G$2:$G$51,"dairy_animal",Data!$H$2:$H$51,"plant_based")+SUMIFS(Data!$R$2:$R$51,Data!$G$2:$G$51,"dairy_animal",Data!$H$2:$H$51,"animal_based")=0,"",SUMIFS(Data!$R$2:$R$51,Data!$G$2:$G$51,"dairy_animal",Data!$H$2:$H$51,"plant_based")/(SUMIFS(Data!$R$2:$R$51,Data!$G$2:$G$51,"dairy_animal",Data!$H$2:$H$51,"plant_based")+SUMIFS(Data!$R$2:$R$51,Data!$G$2:$G$51,"dairy_animal",Data!$H$2:$H$51,"animal_based"))) -> 0 | G16: =IF(SUMIFS(Data!$R$2:$R$51,Data!$G$2:$G$51,"dairy_animal",Data!$H$2:$H$51,"plant_based")+SUMIFS(Data!$R$2:$R$51,Data!$G$2:$G$51,"dairy_animal",Data!$H$2:$H$51,"animal_based")=0,"",SUMIFS(Data!$R$2:$R$51,Data!$G$2:$G$51,"dairy_animal",Data!$H$2:$H$51,"animal_based")/(SUMIFS(Data!$R$2:$R$51,Data!$G$2:$G$51,"dairy_animal",Data!$H$2:$H$51,"plant_based")+SUMIFS(Data!$R$2:$R$51,Data!$G$2:$G$51,"dairy_animal",Data!$H$2:$H$51,"animal_based"))) -> 1
A17: FG2 · dairy_alternative_plant | B17: =SUMIFS(Data!$R$2:$R$51,Data!$G$2:$G$51,"dairy_alternative_plant")/1000 -> 178.885 | C17: =D17+E17 -> 12.52195 | D17: =SUMIFS(Data!$S$2:$S$51,Data!$G$2:$G$51,"dairy_alternative_plant")/1000 -> 12.52195 | E17: =SUMIFS(Data!$T$2:$T$51,Data!$G$2:$G$51,"dairy_alternative_plant")/1000 -> 0 | F17: =IF(SUMIFS(Data!$R$2:$R$51,Data!$G$2:$G$51,"dairy_alternative_plant",Data!$H$2:$H$51,"plant_based")+SUMIFS(Data!$R$2:$R$51,Data!$G$2:$G$51,"dairy_alternative_plant",Data!$H$2:$H$51,"animal_based")=0,"",SUMIFS(Data!$R$2:$R$51,Data!$G$2:$G$51,"dairy_alternative_plant",Data!$H$2:$H$51,"plant_based")/(SUMIFS(Data!$R$2:$R$51,Data!$G$2:$G$51,"dairy_alternative_plant",Data!$H$2:$H$51,"plant_based")+SUMIFS(Data!$R$2:$R$51,Data!$G$2:$G$51,"dairy_alternative_plant",Data!$H$2:$H$51,"animal_based"))) -> 1 | G17: =IF(SUMIFS(Data!$R$2:$R$51,Data!$G$2:$G$51,"dairy_alternative_plant",Data!$H$2:$H$51,"plant_based")+SUMIFS(Data!$R$2:$R$51,Data!$G$2:$G$51,"dairy_alternative_plant",Data!$H$2:$H$51,"animal_based")=0,"",SUMIFS(Data!$R$2:$R$51,Data!$G$2:$G$51,"dairy_alternative_plant",Data!$H$2:$H$51,"animal_based")/(SUMIFS(Data!$R$2:$R$51,Data!$G$2:$G$51,"dairy_alternative_plant",Data!$H$2:$H$51,"plant_based")+SUMIFS(Data!$R$2:$R$51,Data!$G$2:$G$51,"dairy_alternative_plant",Data!$H$2:$H$51,"animal_based"))) -> 0
A18: FG3 · animal_based_fat | B18: =SUMIFS(Data!$R$2:$R$51,Data!$G$2:$G$51,"animal_based_fat")/1000 -> 150.10125 | C18: =D18+E18 -> 1.5010125 | D18: =SUMIFS(Data!$S$2:$S$51,Data!$G$2:$G$51,"animal_based_fat")/1000 -> 0 | E18: =SUMIFS(Data!$T$2:$T$51,Data!$G$2:$G$51,"animal_based_fat")/1000 -> 1.5010125 | F18: =IF(SUMIFS(Data!$R$2:$R$51,Data!$G$2:$G$51,"animal_based_fat",Data!$H$2:$H$51,"plant_based")+SUMIFS(Data!$R$2:$R$51,Data!$G$2:$G$51,"animal_based_fat",Data!$H$2:$H$51,"animal_based")=0,"",SUMIFS(Data!$R$2:$R$51,Data!$G$2:$G$51,"animal_based_fat",Data!$H$2:$H$51,"plant_based")/(SUMIFS(Data!$R$2:$R$51,Data!$G$2:$G$51,"animal_based_fat",Data!$H$2:$H$51,"plant_based")+SUMIFS(Data!$R$2:$R$51,Data!$G$2:$G$51,"animal_based_fat",Data!$H$2:$H$51,"animal_based"))) -> 0 | G18: =IF(SUMIFS(Data!$R$2:$R$51,Data!$G$2:$G$51,"animal_based_fat",Data!$H$2:$H$51,"plant_based")+SUMIFS(Data!$R$2:$R$51,Data!$G$2:$G$51,"animal_based_fat",Data!$H$2:$H$51,"animal_based")=0,"",SUMIFS(Data!$R$2:$R$51,Data!$G$2:$G$51,"animal_based_fat",Data!$H$2:$H$51,"animal_based")/(SUMIFS(Data!$R$2:$R$51,Data!$G$2:$G$51,"animal_based_fat",Data!$H$2:$H$51,"plant_based")+SUMIFS(Data!$R$2:$R$51,Data!$G$2:$G$51,"animal_based_fat",Data!$H$2:$H$51,"animal_based"))) -> 1
A19: FG3 · plant_based_fat | B19: =SUMIFS(Data!$R$2:$R$51,Data!$G$2:$G$51,"plant_based_fat")/1000 -> 748.20852 | C19: =D19+E19 -> 3.7410426 | D19: =SUMIFS(Data!$S$2:$S$51,Data!$G$2:$G$51,"plant_based_fat")/1000 -> 3.7410426 | E19: =SUMIFS(Data!$T$2:$T$51,Data!$G$2:$G$51,"plant_based_fat")/1000 -> 0 | F19: =IF(SUMIFS(Data!$R$2:$R$51,Data!$G$2:$G$51,"plant_based_fat",Data!$H$2:$H$51,"plant_based")+SUMIFS(Data!$R$2:$R$51,Data!$G$2:$G$51,"plant_based_fat",Data!$H$2:$H$51,"animal_based")=0,"",SUMIFS(Data!$R$2:$R$51,Data!$G$2:$G$51,"plant_based_fat",Data!$H$2:$H$51,"plant_based")/(SUMIFS(Data!$R$2:$R$51,Data!$G$2:$G$51,"plant_based_fat",Data!$H$2:$H$51,"plant_based")+SUMIFS(Data!$R$2:$R$51,Data!$G$2:$G$51,"plant_based_fat",Data!$H$2:$H$51,"animal_based"))) -> 1 | G19: =IF(SUMIFS(Data!$R$2:$R$51,Data!$G$2:$G$51,"plant_based_fat",Data!$H$2:$H$51,"plant_based")+SUMIFS(Data!$R$2:$R$51,Data!$G$2:$G$51,"plant_based_fat",Data!$H$2:$H$51,"animal_based")=0,"",SUMIFS(Data!$R$2:$R$51,Data!$G$2:$G$51,"plant_based_fat",Data!$H$2:$H$51,"animal_based")/(SUMIFS(Data!$R$2:$R$51,Data!$G$2:$G$51,"plant_based_fat",Data!$H$2:$H$51,"plant_based")+SUMIFS(Data!$R$2:$R$51,Data!$G$2:$G$51,"plant_based_fat",Data!$H$2:$H$51,"animal_based"))) -> 0
A20: FG5 · whole_grain | B20: =SUMIFS(Data!$R$2:$R$51,Data!$G$2:$G$51,"whole_grain")/1000 -> 516.75113 | C20: =D20+E20 -> 47.541103 | D20: =SUMIFS(Data!$S$2:$S$51,Data!$G$2:$G$51,"whole_grain")/1000 -> 47.541103 | E20: =SUMIFS(Data!$T$2:$T$51,Data!$G$2:$G$51,"whole_grain")/1000 -> 0 | F20: =IF(SUMIFS(Data!$R$2:$R$51,Data!$G$2:$G$51,"whole_grain",Data!$H$2:$H$51,"plant_based")+SUMIFS(Data!$R$2:$R$51,Data!$G$2:$G$51,"whole_grain",Data!$H$2:$H$51,"animal_based")=0,"",SUMIFS(Data!$R$2:$R$51,Data!$G$2:$G$51,"whole_grain",Data!$H$2:$H$51,"plant_based")/(SUMIFS(Data!$R$2:$R$51,Data!$G$2:$G$51,"whole_grain",Data!$H$2:$H$51,"plant_based")+SUMIFS(Data!$R$2:$R$51,Data!$G$2:$G$51,"whole_grain",Data!$H$2:$H$51,"animal_based"))) -> 1 | G20: =IF(SUMIFS(Data!$R$2:$R$51,Data!$G$2:$G$51,"whole_grain",Data!$H$2:$H$51,"plant_based")+SUMIFS(Data!$R$2:$R$51,Data!$G$2:$G$51,"whole_grain",Data!$H$2:$H$51,"animal_based")=0,"",SUMIFS(Data!$R$2:$R$51,Data!$G$2:$G$51,"whole_grain",Data!$H$2:$H$51,"animal_based")/(SUMIFS(Data!$R$2:$R$51,Data!$G$2:$G$51,"whole_grain",Data!$H$2:$H$51,"plant_based")+SUMIFS(Data!$R$2:$R$51,Data!$G$2:$G$51,"whole_grain",Data!$H$2:$H$51,"animal_based"))) -> 0
A21: FG5 · refined_grain | B21: =SUMIFS(Data!$R$2:$R$51,Data!$G$2:$G$51,"refined_grain")/1000 -> 2400.598 | C21: =D21+E21 -> 234.947 | D21: =SUMIFS(Data!$S$2:$S$51,Data!$G$2:$G$51,"refined_grain")/1000 -> 234.947 | E21: =SUMIFS(Data!$T$2:$T$51,Data!$G$2:$G$51,"refined_grain")/1000 -> 0 | F21: =IF(SUMIFS(Data!$R$2:$R$51,Data!$G$2:$G$51,"refined_grain",Data!$H$2:$H$51,"plant_based")+SUMIFS(Data!$R$2:$R$51,Data!$G$2:$G$51,"refined_grain",Data!$H$2:$H$51,"animal_based")=0,"",SUMIFS(Data!$R$2:$R$51,Data!$G$2:$G$51,"refined_grain",Data!$H$2:$H$51,"plant_based")/(SUMIFS(Data!$R$2:$R$51,Data!$G$2:$G$51,"refined_grain",Data!$H$2:$H$51,"plant_based")+SUMIFS(Data!$R$2:$R$51,Data!$G$2:$G$51,"refined_grain",Data!$H$2:$H$51,"animal_based"))) -> 1 | G21: =IF(SUMIFS(Data!$R$2:$R$51,Data!$G$2:$G$51,"refined_grain",Data!$H$2:$H$51,"plant_based")+SUMIFS(Data!$R$2:$R$51,Data!$G$2:$G$51,"refined_grain",Data!$H$2:$H$51,"animal_based")=0,"",SUMIFS(Data!$R$2:$R$51,Data!$G$2:$G$51,"refined_grain",Data!$H$2:$H$51,"animal_based")/(SUMIFS(Data!$R$2:$R$51,Data!$G$2:$G$51,"refined_grain",Data!$H$2:$H$51,"plant_based")+SUMIFS(Data!$R$2:$R$51,Data!$G$2:$G$51,"refined_grain",Data!$H$2:$H$51,"animal_based"))) -> 0
A23: Food groups FG4, FG6 and FG7 have no subgroup and therefore do not appear above; they are detailed on the WWF tab.
A25: Retailer categories
A27: Category | B27: Mass (t) | C27: Protein (t) | D27: Plant protein (t) | E27: Animal protein (t) | F27: Plant share | G27: Animal share
A28: {=UNIQUE(Data!E2:E994)} -> Out-of-scope product - category | B28: =SUMIFS(Data!$R$2:$R$51,Data!$E$2:$E$51,A28)/100 -> 83634.205 | C28: =D28+E28 -> 91.737669 | D28: =SUMIFS(Data!$S$2:$S$51,Data!$E$2:$E$51,A28)/1000 -> 91.737669 | E28: =SUMIFS(Data!$T$2:$T$51,Data!$E$2:$E$51,A28)/1000 -> 0 | F28: =IF(C28=0,"",D28/C28) -> 1 | G28: =IF(C28=0,"",E28/C28) -> 0
A29: Fruit or vegetable - category | B29: =SUMIFS(Data!$R$2:$R$51,Data!$E$2:$E$51,A29)/100 -> 90009.9 | C29: =D29+E29 -> 95.410494 | D29: =SUMIFS(Data!$S$2:$S$51,Data!$E$2:$E$51,A29)/1000 -> 95.410494 | E29: =SUMIFS(Data!$T$2:$T$51,Data!$E$2:$E$51,A29)/1000 -> 0 | F29: =IF(C29=0,"",D29/C29) -> 1 | G29: =IF(C29=0,"",E29/C29) -> 0
A30: Dairy product - category | B30: =SUMIFS(Data!$R$2:$R$51,Data!$E$2:$E$51,A30)/100 -> 108684.66 | C30: =D30+E30 -> 538.8471 | D30: =SUMIFS(Data!$S$2:$S$51,Data!$E$2:$E$51,A30)/1000 -> 0 | E30: =SUMIFS(Data!$T$2:$T$51,Data!$E$2:$E$51,A30)/1000 -> 538.8471 | F30: =IF(C30=0,"",D30/C30) -> 0 | G30: =IF(C30=0,"",E30/C30) -> 1
A31: Starchy vegetable - category | B31: =SUMIFS(Data!$R$2:$R$51,Data!$E$2:$E$51,A31)/100 -> 21109.45 | C31: =D31+E31 -> 44.963129 | D31: =SUMIFS(Data!$S$2:$S$51,Data!$E$2:$E$51,A31)/1000 -> 44.963129 | E31: =SUMIFS(Data!$T$2:$T$51,Data!$E$2:$E$51,A31)/1000 -> 0 | F31: =IF(C31=0,"",D31/C31) -> 1 | G31: =IF(C31=0,"",E31/C31) -> 0
A32: Refined grain - category | B32: =SUMIFS(Data!$R$2:$R$51,Data!$E$2:$E$51,A32)/100 -> 24005.98 | C32: =D32+E32 -> 234.947 | D32: =SUMIFS(Data!$S$2:$S$51,Data!$E$2:$E$51,A32)/1000 -> 234.947 | E32: =SUMIFS(Data!$T$2:$T$51,Data!$E$2:$E$51,A32)/1000 -> 0 | F32: =IF(C32=0,"",D32/C32) -> 1 | G32: =IF(C32=0,"",E32/C32) -> 0
A33: Discretionary product - category | B33: =SUMIFS(Data!$R$2:$R$51,Data!$E$2:$E$51,A33)/100 -> 12407.495 | C33: =D33+E33 -> 78.167219 | D33: =SUMIFS(Data!$S$2:$S$51,Data!$E$2:$E$51,A33)/1000 -> 54.841128 | E33: =SUMIFS(Data!$T$2:$T$51,Data!$E$2:$E$51,A33)/1000 -> 23.326091 | F33: =IF(C33=0,"",D33/C33) -> 0.7015873 | G33: =IF(C33=0,"",E33/C33) -> 0.2984127
A34: Eggs - category | B34: =SUMIFS(Data!$R$2:$R$51,Data!$E$2:$E$51,A34)/100 -> 14344.871 | C34: =D34+E34 -> 209.41584 | D34: =SUMIFS(Data!$S$2:$S$51,Data!$E$2:$E$51,A34)/1000 -> 0 | E34: =SUMIFS(Data!$T$2:$T$51,Data!$E$2:$E$51,A34)/1000 -> 209.41584 | F34: =IF(C34=0,"",D34/C34) -> 0 | G34: =IF(C34=0,"",E34/C34) -> 1
A35: Whole grain - category | B35: =SUMIFS(Data!$R$2:$R$51,Data!$E$2:$E$51,A35)/100 -> 5167.5112 | C35: =D35+E35 -> 47.541103 | D35: =SUMIFS(Data!$S$2:$S$51,Data!$E$2:$E$51,A35)/1000 -> 47.541103 | E35: =SUMIFS(Data!$T$2:$T$51,Data!$E$2:$E$51,A35)/1000 -> 0 | F35: =IF(C35=0,"",D35/C35) -> 1 | G35: =IF(C35=0,"",E35/C35) -> 0
A36: Poultry - category | B36: =SUMIFS(Data!$R$2:$R$51,Data!$E$2:$E$51,A36)/100 -> 10401.33 | C36: =D36+E36 -> 219.85027 | D36: =SUMIFS(Data!$S$2:$S$51,Data!$E$2:$E$51,A36)/1000 -> 0 | E36: =SUMIFS(Data!$T$2:$T$51,Data!$E$2:$E$51,A36)/1000 -> 219.85027 | F36: =IF(C36=0,"",D36/C36) -> 0 | G36: =IF(C36=0,"",E36/C36) -> 1
A37: Plant-based fat - category | B37: =SUMIFS(Data!$R$2:$R$51,Data!$E$2:$E$51,A37)/100 -> 7482.0852 | C37: =D37+E37 -> 3.7410426 | D37: =SUMIFS(Data!$S$2:$S$51,Data!$E$2:$E$51,A37)/1000 -> 3.7410426 | E37: =SUMIFS(Data!$T$2:$T$51,Data!$E$2:$E$51,A37)/1000 -> 0 | F37: =IF(C37=0,"",D37/C37) -> 1 | G37: =IF(C37=0,"",E37/C37) -> 0
A38: Fish and seafood - category | B38: =SUMIFS(Data!$R$2:$R$51,Data!$E$2:$E$51,A38)/100 -> 7742.37 | C38: =D38+E38 -> 174.06894 | D38: =SUMIFS(Data!$S$2:$S$51,Data!$E$2:$E$51,A38)/1000 -> 0 | E38: =SUMIFS(Data!$T$2:$T$51,Data!$E$2:$E$51,A38)/1000 -> 174.06894 | F38: =IF(C38=0,"",D38/C38) -> 0 | G38: =IF(C38=0,"",E38/C38) -> 1
A39: Plant-based dairy alternative - category | B39: =SUMIFS(Data!$R$2:$R$51,Data!$E$2:$E$51,A39)/100 -> 1788.85 | C39: =D39+E39 -> 12.52195 | D39: =SUMIFS(Data!$S$2:$S$51,Data!$E$2:$E$51,A39)/1000 -> 12.52195 | E39: =SUMIFS(Data!$T$2:$T$51,Data!$E$2:$E$51,A39)/1000 -> 0 | F39: =IF(C39=0,"",D39/C39) -> 1 | G39: =IF(C39=0,"",E39/C39) -> 0
A40: Legume - category | B40: =SUMIFS(Data!$R$2:$R$51,Data!$E$2:$E$51,A40)/100 -> 1737.752 | C40: =D40+E40 -> 19.115272 | D40: =SUMIFS(Data!$S$2:$S$51,Data!$E$2:$E$51,A40)/1000 -> 19.115272 | E40: =SUMIFS(Data!$T$2:$T$51,Data!$E$2:$E$51,A40)/1000 -> 0 | F40: =IF(C40=0,"",D40/C40) -> 1 | G40: =IF(C40=0,"",E40/C40) -> 0
... A51: Other animal product - category | B51: =SUMIFS(Data!$R$2:$R$51,Data!$E$2:$E$51,A51)/100 -> 93.94 | C51: =D51+E51 -> 1.50304 | D51: =SUMIFS(Data!$S$2:$S$51,Data!$E$2:$E$51,A51)/1000 -> 0 | E51: =SUMIFS(Data!$T$2:$T$51,Data!$E$2:$E$51,A51)/1000 -> 1.50304 | F51: =IF(C51=0,"",D51/C51) -> 0 | G51: =IF(C51=0,"",E51/C51) -> 1

Sheet By department
A1: BY DEPARTMENT
A3: Department | B3: Mass (t) | C3: Protein (t) | D3: Plant protein (t) | E3: Animal protein (t) | F3: Plant share | G3: Animal share
A4: {=UNIQUE(Data!D2:D998)} -> Beverages | B4: =SUMIFS(Data!$R$2:$R$51,Data!$D$2:$D$51,A4)/1000 -> 7599.402 | C4: =D4+E4 -> 37.99701 | D4: =SUMIFS(Data!$S$2:$S$51,Data!$D$2:$D$51,A4)/1000 -> 37.99701 | E4: =SUMIFS(Data!$T$2:$T$51,Data!$D$2:$D$51,A4)/1000 -> 0 | F4: =IF(C4=0,"",D4/C4) -> 1 | G4: =IF(C4=0,"",E4/C4) -> 0
A5: Fruits and vegetables | B5: =SUMIFS(Data!$R$2:$R$51,Data!$D$2:$D$51,A5)/1000 -> 11631.168 | C5: =D5+E5 -> 173.39234 | D5: =SUMIFS(Data!$S$2:$S$51,Data!$D$2:$D$51,A5)/1000 -> 173.39234 | E5: =SUMIFS(Data!$T$2:$T$51,Data!$D$2:$D$51,A5)/1000 -> 0 | F5: =IF(C5=0,"",D5/C5) -> 1 | G5: =IF(C5=0,"",E5/C5) -> 0
A6: Dairy | B6: =SUMIFS(Data!$R$2:$R$51,Data!$D$2:$D$51,A6)/1000 -> 11886.88 | C6: =D6+E6 -> 596.89703 | D6: =SUMIFS(Data!$S$2:$S$51,Data!$D$2:$D$51,A6)/1000 -> 0 | E6: =SUMIFS(Data!$T$2:$T$51,Data!$D$2:$D$51,A6)/1000 -> 596.89703 | F6: =IF(C6=0,"",D6/C6) -> 0 | G6: =IF(C6=0,"",E6/C6) -> 1
A7: Sweet grocery | B7: =SUMIFS(Data!$R$2:$R$51,Data!$D$2:$D$51,A7)/1000 -> 3467.2245 | C7: =D7+E7 -> 320.47445 | D7: =SUMIFS(Data!$S$2:$S$51,Data!$D$2:$D$51,A7)/1000 -> 297.14836 | E7: =SUMIFS(Data!$T$2:$T$51,Data!$D$2:$D$51,A7)/1000 -> 23.326091 | F7: =IF(C7=0,"",D7/C7) -> 0.92721388 | G7: =IF(C7=0,"",E7/C7) -> 0.072786117
A8: Savoury grocery | B8: =SUMIFS(Data!$R$2:$R$51,Data!$D$2:$D$51,A8)/1000 -> 1899.7957 | C8: =D8+E8 -> 150.48586 | D8: =SUMIFS(Data!$S$2:$S$51,Data!$D$2:$D$51,A8)/1000 -> 123.02912 | E8: =SUMIFS(Data!$T$2:$T$51,Data!$D$2:$D$51,A8)/1000 -> 27.456736 | F8: =IF(C8=0,"",D8/C8) -> 0.81754607 | G8: =IF(C8=0,"",E8/C8) -> 0.18245393
A9: Bakery | B9: =SUMIFS(Data!$R$2:$R$51,Data!$D$2:$D$51,A9)/1000 -> 516.75113 | C9: =D9+E9 -> 47.541103 | D9: =SUMIFS(Data!$S$2:$S$51,Data!$D$2:$D$51,A9)/1000 -> 47.541103 | E9: =SUMIFS(Data!$T$2:$T$51,Data!$D$2:$D$51,A9)/1000 -> 0 | F9: =IF(C9=0,"",D9/C9) -> 1 | G9: =IF(C9=0,"",E9/C9) -> 0
A10: Poultry | B10: =SUMIFS(Data!$R$2:$R$51,Data!$D$2:$D$51,A10)/1000 -> 1040.133 | C10: =D10+E10 -> 219.85027 | D10: =SUMIFS(Data!$S$2:$S$51,Data!$D$2:$D$51,A10)/1000 -> 0 | E10: =SUMIFS(Data!$T$2:$T$51,Data!$D$2:$D$51,A10)/1000 -> 219.85027 | F10: =IF(C10=0,"",D10/C10) -> 0 | G10: =IF(C10=0,"",E10/C10) -> 1
A11: Fish counter | B11: =SUMIFS(Data!$R$2:$R$51,Data!$D$2:$D$51,A11)/1000 -> 774.237 | C11: =D11+E11 -> 174.06894 | D11: =SUMIFS(Data!$S$2:$S$51,Data!$D$2:$D$51,A11)/1000 -> 0 | E11: =SUMIFS(Data!$T$2:$T$51,Data!$D$2:$D$51,A11)/1000 -> 174.06894 | F11: =IF(C11=0,"",D11/C11) -> 0 | G11: =IF(C11=0,"",E11/C11) -> 1
A12: Cheese | B12: =SUMIFS(Data!$R$2:$R$51,Data!$D$2:$D$51,A12)/1000 -> 566.1738 | C12: =D12+E12 -> 152.86693 | D12: =SUMIFS(Data!$S$2:$S$51,Data!$D$2:$D$51,A12)/1000 -> 0 | E12: =SUMIFS(Data!$T$2:$T$51,Data!$D$2:$D$51,A12)/1000 -> 152.86693 | F12: =IF(C12=0,"",D12/C12) -> 0 | G12: =IF(C12=0,"",E12/C12) -> 1
A13: Frozen | B13: =SUMIFS(Data!$R$2:$R$51,Data!$D$2:$D$51,A13)/1000 -> 527.71527 | C13: =D13+E13 -> 83.320189 | D13: =SUMIFS(Data!$S$2:$S$51,Data!$D$2:$D$51,A13)/1000 -> 18.22942 | E13: =SUMIFS(Data!$T$2:$T$51,Data!$D$2:$D$51,A13)/1000 -> 65.090769 | F13: =IF(C13=0,"",D13/C13) -> 0.21878755 | G13: =IF(C13=0,"",E13/C13) -> 0.78121245
A14: Bulk | B14: =SUMIFS(Data!$R$2:$R$51,Data!$D$2:$D$51,A14)/1000 -> 38.16 | C14: =D14+E14 -> 11.448 | D14: =SUMIFS(Data!$S$2:$S$51,Data!$D$2:$D$51,A14)/1000 -> 11.448 | E14: =SUMIFS(Data!$T$2:$T$51,Data!$D$2:$D$51,A14)/1000 -> 0 | F14: =IF(C14=0,"",D14/C14) -> 1 | G14: =IF(C14=0,"",E14/C14) -> 0
A15: Deli | B15: =SUMIFS(Data!$R$2:$R$51,Data!$D$2:$D$51,A15)/1000 -> 52.35739 | C15: =D15+E15 -> 11.339037 | D15: =SUMIFS(Data!$S$2:$S$51,Data!$D$2:$D$51,A15)/1000 -> 9.7832062 | E15: =SUMIFS(Data!$T$2:$T$51,Data!$D$2:$D$51,A15)/1000 -> 1.5558312 | F15: =IF(C15=0,"",D15/C15) -> 0.86278983 | G15: =IF(C15=0,"",E15/C15) -> 0.13721017

Sheet By brand
A1: BY BRAND
A3: Brand | B3: Mass (t) | C3: Protein (t) | D3: Plant protein (t) | E3: Animal protein (t) | F3: Plant share | G3: Animal share
A4: {=UNIQUE(Data!C2:C998)} -> Brand A | B4: =SUMIFS(Data!$R$2:$R$51,Data!$C$2:$C$51,A4)/1000 -> 17262.269 | C4: =D4+E4 -> 762.59811 | D4: =SUMIFS(Data!$S$2:$S$51,Data!$C$2:$C$51,A4)/1000 -> 314.99646 | E4: =SUMIFS(Data!$T$2:$T$51,Data!$C$2:$C$51,A4)/1000 -> 447.60165 | F4: =IF(C4=0,"",D4/C4) -> 0.41305696 | G4: =IF(C4=0,"",E4/C4) -> 0.58694304
A5: Brand B | B5: =SUMIFS(Data!$R$2:$R$51,Data!$C$2:$C$51,A5)/1000 -> 10400.936 | C5: =D5+E5 -> 303.45376 | D5: =SUMIFS(Data!$S$2:$S$51,Data!$C$2:$C$51,A5)/1000 -> 127.88178 | E5: =SUMIFS(Data!$T$2:$T$51,Data!$C$2:$C$51,A5)/1000 -> 175.57198 | F5: =IF(C5=0,"",D5/C5) -> 0.42142097 | G5: =IF(C5=0,"",E5/C5) -> 0.57857903
A6: Brand D | B6: =SUMIFS(Data!$R$2:$R$51,Data!$C$2:$C$51,A6)/1000 -> 4180.308 | C6: =D6+E6 -> 148.13888 | D6: =SUMIFS(Data!$S$2:$S$51,Data!$C$2:$C$51,A6)/1000 -> 11.448 | E6: =SUMIFS(Data!$T$2:$T$51,Data!$C$2:$C$51,A6)/1000 -> 136.69088 | F6: =IF(C6=0,"",D6/C6) -> 0.077278832 | G6: =IF(C6=0,"",E6/C6) -> 0.92272117
A7: Brand H | B7: =SUMIFS(Data!$R$2:$R$51,Data!$C$2:$C$51,A7)/1000 -> 2445.1391 | C7: =D7+E7 -> 219.77528 | D7: =SUMIFS(Data!$S$2:$S$51,Data!$C$2:$C$51,A7)/1000 -> 0 | E7: =SUMIFS(Data!$T$2:$T$51,Data!$C$2:$C$51,A7)/1000 -> 219.77528 | F7: =IF(C7=0,"",D7/C7) -> 0 | G7: =IF(C7=0,"",E7/C7) -> 1
A8: Brand E | B8: =SUMIFS(Data!$R$2:$R$51,Data!$C$2:$C$51,A8)/1000 -> 2021.908 | C8: =D8+E8 -> 197.56947 | D8: =SUMIFS(Data!$S$2:$S$51,Data!$C$2:$C$51,A8)/1000 -> 58.26465 | E8: =SUMIFS(Data!$T$2:$T$51,Data!$C$2:$C$51,A8)/1000 -> 139.30482 | F8: =IF(C8=0,"",D8/C8) -> 0.29490716 | G8: =IF(C8=0,"",E8/C8) -> 0.70509284
A9: Brand C | B9: =SUMIFS(Data!$R$2:$R$51,Data!$C$2:$C$51,A9)/1000 -> 2085.1275 | C9: =D9+E9 -> 171.0488 | D9: =SUMIFS(Data!$S$2:$S$51,Data!$C$2:$C$51,A9)/1000 -> 147.72271 | E9: =SUMIFS(Data!$T$2:$T$51,Data!$C$2:$C$51,A9)/1000 -> 23.326091 | F9: =IF(C9=0,"",D9/C9) -> 0.86362903 | G9: =IF(C9=0,"",E9/C9) -> 0.13637097
A10: Brand F | B10: =SUMIFS(Data!$R$2:$R$51,Data!$C$2:$C$51,A10)/1000 -> 640.82789 | C10: =D10+E10 -> 46.918952 | D10: =SUMIFS(Data!$S$2:$S$51,Data!$C$2:$C$51,A10)/1000 -> 45.363121 | E10: =SUMIFS(Data!$T$2:$T$51,Data!$C$2:$C$51,A10)/1000 -> 1.5558312 | F10: =IF(C10=0,"",D10/C10) -> 0.96684003 | G10: =IF(C10=0,"",E10/C10) -> 0.033159973
A11: Brand I | B11: =SUMIFS(Data!$R$2:$R$51,Data!$C$2:$C$51,A11)/1000 -> 535.95609 | C11: =D11+E11 -> 51.662142 | D11: =SUMIFS(Data!$S$2:$S$51,Data!$C$2:$C$51,A11)/1000 -> 0 | E11: =SUMIFS(Data!$T$2:$T$51,Data!$C$2:$C$51,A11)/1000 -> 51.662142 | F11: =IF(C11=0,"",D11/C11) -> 0 | G11: =IF(C11=0,"",E11/C11) -> 1
A12: Brand G | B12: =SUMIFS(Data!$R$2:$R$51,Data!$C$2:$C$51,A12)/1000 -> 277.1644 | C12: =D12+E12 -> 57.465004 | D12: =SUMIFS(Data!$S$2:$S$51,Data!$C$2:$C$51,A12)/1000 -> 2.366464 | E12: =SUMIFS(Data!$T$2:$T$51,Data!$C$2:$C$51,A12)/1000 -> 55.09854 | F12: =IF(C12=0,"",D12/C12) -> 0.041180959 | G12: =IF(C12=0,"",E12/C12) -> 0.95881904
A13: Brand J | B13: =SUMIFS(Data!$R$2:$R$51,Data!$C$2:$C$51,A13)/1000 -> 150.36255 | C13: =D13+E13 -> 21.050757 | D13: =SUMIFS(Data!$S$2:$S$51,Data!$C$2:$C$51,A13)/1000 -> 10.525379 | E13: =SUMIFS(Data!$T$2:$T$51,Data!$C$2:$C$51,A13)/1000 -> 10.525379 | F13: =IF(C13=0,"",D13/C13) -> 0.5 | G13: =IF(C13=0,"",E13/C13) -> 0.5

Sheet By product
A1: BY PRODUCT - top 20 plant-based & top 20 animal-based by protein content
A3: The 20 most plant-based by protein content
A5: EAN 13 | B5: Product | C5: Brand | D5: Category | E5: Food group | F5: Unit weight (kg) | G5: Volume sold (units) | H5: Protein (g/100 g) | I5: Plant protein (t) | J5: Animal protein (t) | K5: Plant share (protein)
A6: DEMO000000003 | B6: Refined grain 01 - 1.00 kg | C6: Brand C | D6: Refined grain - category | E6: FG5 | F6: =Data!O12 -> 1 | G6: =Data!Q12 -> 844378 | H6: =Data!L12 -> 11 | I6: =Data!S12/1000 -> 92.88158 | J6: =Data!T12/1000 -> 0 | K6: =IF(I6+J6=0,"",I6/(I6+J6)) -> 1
A7: DEMO000000028 | B7: Refined grain 02 - 1.00 kg | C7: Brand A | D7: Refined grain - category | E7: FG5 | F7: =Data!O19 -> 1 | G7: =Data!Q19 -> 477413 | H7: =Data!L19 -> 11 | I7: =Data!S19/1000 -> 52.51543 | J7: =Data!T19/1000 -> 0 | K7: =IF(I7+J7=0,"",I7/(I7+J7)) -> 1
A8: DEMO000000002 | B8: Fruit or vegetable 01 - 5.00 kg | C8: Brand B | D8: Fruit or vegetable - category | E8: FG4 | F8: =Data!O3 -> 5 | G8: =Data!Q3 -> 952660 | H8: =Data!L3 -> 1.06 | I8: =Data!S3/1000 -> 50.49098 | J8: =Data!T3/1000 -> 0 | K8: =IF(I8+J8=0,"",I8/(I8+J8)) -> 1
A9: DEMO000000010 | B9: Whole grain 01 - 825 g | C9: Brand A | D9: Whole grain - category | E9: FG5 | F9: =Data!O17 -> 0.825 | G9: =Data!Q17 -> 626365 | H9: =Data!L17 -> 9.2 | I9: =Data!S17/1000 -> 47.541103 | J9: =Data!T17/1000 -> 0 | K9: =IF(I9+J9=0,"",I9/(I9+J9)) -> 1
A10: DEMO000000034 | B10: Refined grain 03 - 1.00 kg | C10: Brand E | D10: Refined grain - category | E10: FG5 | F10: =Data!O21 -> 1 | G10: =Data!Q21 -> 457427 | H10: =Data!L21 -> 10 | I10: =Data!S21/1000 -> 45.7427 | J10: =Data!T21/1000 -> 0 | K10: =IF(I10+J10=0,"",I10/(I10+J10)) -> 1
A11: DEMO000000033 | B11: Starchy vegetable 01 - 2.50 kg | C11: Brand A | D11: Starchy vegetable - category | E11: FG6 | F11: =Data!O6 -> 2.5 | G11: =Data!Q6 -> 844378 | H11: =Data!L6 -> 2.13 | I11: =Data!S6/1000 -> 44.963129 | J11: =Data!T6/1000 -> 0 | K11: =IF(I11+J11=0,"",I11/(I11+J11)) -> 1
A12: DEMO000000031 | B12: Fruit or vegetable 02 - 5.00 kg | C12: Brand B | D12: Fruit or vegetable - category | E12: FG4 | F12: =Data!O4 -> 5 | G12: =Data!Q4 -> 847538 | H12: =Data!L4 -> 1.06 | I12: =Data!S4/1000 -> 44.919514 | J12: =Data!T4/1000 -> 0 | K12: =IF(I12+J12=0,"",I12/(I12+J12)) -> 1
A13: DEMO000000041 | B13: Refined grain 04 - 20.00 kg | C13: Brand F | D13: Refined grain - category | E13: FG5 | F13: =Data!O15 -> 20 | G13: =Data!Q15 -> 31069 | H13: =Data!L15 -> 7.05 | I13: =Data!S15/1000 -> 43.80729 | J13: =Data!T15/1000 -> 0 | K13: =IF(I13+J13=0,"",I13/(I13+J13)) -> 1
A14: DEMO000000001 | B14: Out-of-scope product 01 - 9.00 kg | C14: Brand A | D14: Out-of-scope product - category | E14: outside WWF scope | F14: =Data!O2 -> 9 | G14: =Data!Q2 -> 844378 | H14: =Data!L2 -> 0.5 | I14: =Data!S2/1000 -> 37.99701 | J14: =Data!T2/1000 -> 0 | K14: =IF(I14+J14=0,"",I14/(I14+J14)) -> 1
A15: DEMO000000019 | B15: Out-of-scope product 02 - 1.00 kg | C15: Brand A | D15: Out-of-scope product - category | E15: outside WWF scope | F15: =Data!O38 -> 1 | G15: =Data!Q38 -> 147704 | H15: =Data!L38 -> 14.4 | I15: =Data!S38/1000 -> 21.269376 | J15: =Data!T38/1000 -> 0 | K15: =IF(I15+J15=0,"",I15/(I15+J15)) -> 1
A16: DEMO000000011 | B16: Legume 01 - 800 g | C16: Brand A | D16: Legume - category | E16: FG1 | F16: =Data!O34 -> 0.8 | G16: =Data!Q34 -> 217219 | H16: =Data!L34 -> 11 | I16: =Data!S34/1000 -> 19.115272 | J16: =Data!T34/1000 -> 0 | K16: =IF(I16+J16=0,"",I16/(I16+J16)) -> 1
A17: DEMO000000006 | B17: Nuts 01 - 500 g | C17: Brand A | D17: Nuts - category | E17: FG1 | F17: =Data!O43 -> 0.5 | G17: =Data!Q43 -> 142595 | H17: =Data!L43 -> 26 | I17: =Data!S43/1000 -> 18.53735 | J17: =Data!T43/1000 -> 0 | K17: =IF(I17+J17=0,"",I17/(I17+J17)) -> 1
A18: DEMO000000038 | B18: Nuts 02 - 200 g | C18: Brand A | D18: Nuts - category | E18: FG1 | F18: =Data!O44 -> 0.2 | G18: =Data!Q44 -> 309028 | H18: =Data!L44 -> 29 | I18: =Data!S44/1000 -> 17.923624 | J18: =Data!T44/1000 -> 0 | K18: =IF(I18+J18=0,"",I18/(I18+J18)) -> 1
A19: DEMO000000025 | B19: Out-of-scope product 03 - 1.00 kg | C19: Brand B | D19: Out-of-scope product - category | E19: outside WWF scope | F19: =Data!O41 -> 1 | G19: =Data!Q41 -> 120668 | H19: =Data!L41 -> 14.4 | I19: =Data!S41/1000 -> 17.376192 | J19: =Data!T41/1000 -> 0 | K19: =IF(I19+J19=0,"",I19/(I19+J19)) -> 1
A20: DEMO000000039 | B20: Out-of-scope product 05 - 1.00 kg | C20: Brand B | D20: Out-of-scope product - category | E20: outside WWF scope | F20: =Data!O20 -> 1 | G20: =Data!Q20 -> 457427 | H20: =Data!L20 -> 3.3 | I20: =Data!S20/1000 -> 15.095091 | J20: =Data!T20/1000 -> 0 | K20: =IF(I20+J20=0,"",I20/(I20+J20)) -> 1
A21: DEMO000000012 | B21: Plant-based dairy alternative 01 - 1.00 kg | C21: Brand E | D21: Plant-based dairy alternative - category | E21: FG2 | F21: =Data!O33 -> 1 | G21: =Data!Q33 -> 178885 | H21: =Data!L33 -> 7 | I21: =Data!S33/1000 -> 12.52195 | J21: =Data!T33/1000 -> 0 | K21: =IF(I21+J21=0,"",I21/(I21+J21)) -> 1
A22: DEMO000000009 | B22: Seeds 01 - 5.00 kg | C22: Brand D | D22: Seeds - category | E22: FG1 | F22: =Data!O47 -> 5 | G22: =Data!Q47 -> 7632 | H22: =Data!L47 -> 30 | I22: =Data!S47/1000 -> 11.448 | J22: =Data!T47/1000 -> 0 | K22: =IF(I22+J22=0,"",I22/(I22+J22)) -> 1
A23: DEMO000000022 | B23: Vegan ready meal 01 - 500 g | C23: Brand A | D23: Vegan ready meal - category | E23: not applicable | F23: =Data!O48 -> 0.5 | G23: =Data!Q48 -> 65819 | H23: =Data!L48 -> 25 | I23: =Data!S48/1000 -> 8.227375 | J23: =Data!T48/1000 -> 0 | K23: =IF(I23+J23=0,"",I23/(I23+J23)) -> 1
A24: DEMO000000014 | B24: Tofu, tempeh or seitan 01 - 400 g | C24: Brand G | D24: Tofu, tempeh or seitan - category | E24: FG1 | F24: =Data!O50 -> 0.4 | G24: =Data!Q50 -> 36976 | H24: =Data!L50 -> 16 | I24: =Data!S50/1000 -> 2.366464 | J24: =Data!T50/1000 -> 0 | K24: =IF(I24+J24=0,"",I24/(I24+J24)) -> 1
A25: DEMO000000005 | B25: Plant-based fat 01 - 920 g | C25: Brand A | D25: Plant-based fat - category | E25: FG3 | F25: =Data!O23 -> 0.92 | G25: =Data!Q23 -> 457427 | H25: =Data!L23 -> 0.5 | I25: =Data!S23/1000 -> 2.1041642 | J25: =Data!T23/1000 -> 0 | K25: =IF(I25+J25=0,"",I25/(I25+J25)) -> 1
A26: DEMO000000030 | B26: Plant-based fat 02 - 940 g | C26: Brand A | D26: Plant-based fat - category | E26: FG3 | F26: =Data!O25 -> 0.94 | G26: =Data!Q25 -> 348272 | H26: =Data!L25 -> 0.5 | I26: =Data!S25/1000 -> 1.6368784 | J26: =Data!T25/1000 -> 0 | K26: =IF(I26+J26=0,"",I26/(I26+J26)) -> 1
A29: The 20 most animal-based by protein content
A31: EAN 13 | B31: Product | C31: Brand | D31: Category | E31: Food group | F31: Unit weight (kg) | G31: Volume sold (units) | H31: Protein (g/100 g) | I31: Plant protein (t) | J31: Animal protein (t) | K31: Plant share (protein)
A32: DEMO000000016 | B32: Poultry 01 - 600 g | C32: Brand H | D32: Poultry - category | E32: FG1 | F32: =Data!O18 -> 0.6 | G32: =Data!Q18 -> 840565 | H32: =Data!L18 -> 22.8 | I32: =Data!S18/1000 -> 0 | J32: =Data!T18/1000 -> 114.98929 | K32: =IF(I32+J32=0,"",I32/(I32+J32)) -> 0
A33: DEMO000000008 | B33: Eggs 01 - 750 g | C33: Brand A | D33: Eggs - category | E33: FG1 | F33: =Data!O14 -> 0.75 | G33: =Data!Q14 -> 829747 | H33: =Data!L14 -> 16 | I33: =Data!S14/1000 -> 0 | J33: =Data!T14/1000 -> 99.56964 | K33: =IF(I33+J33=0,"",I33/(I33+J33)) -> 0
A34: DEMO000000004 | B34: Dairy product 01 - 350 g | C34: Brand A | D34: Dairy product - category | E34: FG2 | F34: =Data!O27 -> 0.35 | G34: =Data!Q27 -> 844378 | H34: =Data!L27 -> 27 | I34: =Data!S27/1000 -> 0 | J34: =Data!T27/1000 -> 79.793721 | K34: =IF(I34+J34=0,"",I34/(I34+J34)) -> 0
A35: DEMO000000020 | B35: Dairy product 02 - 6.00 kg | C35: Brand E | D35: Dairy product - category | E35: FG2 | F35: =Data!O11 -> 6 | G35: =Data!Q11 -> 159879 | H35: =Data!L11 -> 8.3 | I35: =Data!S11/1000 -> 0 | J35: =Data!T11/1000 -> 79.619742 | K35: =IF(I35+J35=0,"",I35/(I35+J35)) -> 0
A36: DEMO000000029 | B36: Dairy product 03 - 8.00 kg | C36: Brand D | D36: Dairy product - category | E36: FG2 | F36: =Data!O5 -> 8 | G36: =Data!Q5 -> 292336 | H36: =Data!L5 -> 3.3 | I36: =Data!S5/1000 -> 0 | J36: =Data!T5/1000 -> 77.176704 | K36: =IF(I36+J36=0,"",I36/(I36+J36)) -> 0
A37: DEMO000000036 | B37: Dairy product 04 - 500 g | C37: Brand A | D37: Dairy product - category | E37: FG2 | F37: =Data!O29 -> 0.5 | G37: =Data!Q29 -> 541283 | H37: =Data!L29 -> 27 | I37: =Data!S29/1000 -> 0 | J37: =Data!T29/1000 -> 73.073205 | K37: =IF(I37+J37=0,"",I37/(I37+J37)) -> 0
A38: DEMO000000015 | B38: Fish and seafood 01 - 1.00 kg | C38: Brand B | D38: Fish and seafood - category | E38: FG1 | F38: =Data!O26 -> 1 | G38: =Data!Q26 -> 308135 | H38: =Data!L26 -> 22.1 | I38: =Data!S26/1000 -> 0 | J38: =Data!T26/1000 -> 68.097835 | K38: =IF(I38+J38=0,"",I38/(I38+J38)) -> 0
A39: DEMO000000042 | B39: Dairy product 05 - 10.00 kg | C39: Brand A | D39: Dairy product - category | E39: FG2 | F39: =Data!O7 -> 10 | G39: =Data!Q7 -> 195917 | H39: =Data!L7 -> 3.2 | I39: =Data!S7/1000 -> 0 | J39: =Data!T7/1000 -> 62.69344 | K39: =IF(I39+J39=0,"",I39/(I39+J39)) -> 0
A40: DEMO000000032 | B40: Eggs 02 - 932 g | C40: Brand E | D40: Eggs - category | E40: FG1 | F40: =Data!O22 -> 0.932 | G40: =Data!Q22 -> 457427 | H40: =Data!L22 -> 14 | I40: =Data!S22/1000 -> 0 | J40: =Data!T22/1000 -> 59.685075 | K40: =IF(I40+J40=0,"",I40/(I40+J40)) -> 0
A41: DEMO000000043 | B41: Dairy product 06 - 10.00 kg | C41: Brand D | D41: Dairy product - category | E41: FG2 | F41: =Data!O8 -> 10 | G41: =Data!Q8 -> 180346 | H41: =Data!L8 -> 3.3 | I41: =Data!S8/1000 -> 0 | J41: =Data!T8/1000 -> 59.51418 | K41: =IF(I41+J41=0,"",I41/(I41+J41)) -> 0
A42: DEMO000000044 | B42: Fish and seafood 02 - 1.00 kg | C42: Brand B | D42: Fish and seafood - category | E42: FG1 | F42: =Data!O31 -> 1 | G42: =Data!Q31 -> 246471 | H42: =Data!L31 -> 22.5 | I42: =Data!S31/1000 -> 0 | J42: =Data!T31/1000 -> 55.455975 | K42: =IF(I42+J42=0,"",I42/(I42+J42)) -> 0
A43: DEMO000000045 | B43: Poultry 02 - 1.40 kg | C43: Brand G | D43: Poultry - category | E43: FG1 | F43: =Data!O30 -> 1.4 | G43: =Data!Q30 -> 187410 | H43: =Data!L30 -> 21 | I43: =Data!S30/1000 -> 0 | J43: =Data!T30/1000 -> 55.09854 | K43: =IF(I43+J43=0,"",I43/(I43+J43)) -> 0
A44: DEMO000000046 | B44: Dairy product 07 - 8.26 kg | C44: Brand H | D44: Dairy product - category | E44: FG2 | F44: =Data!O9 -> 8.26 | G44: =Data!Q9 -> 201862 | H44: =Data!L9 -> 3.3 | I44: =Data!S9/1000 -> 0 | J44: =Data!T9/1000 -> 55.023544 | K44: =IF(I44+J44=0,"",I44/(I44+J44)) -> 0
A45: DEMO000000047 | B45: Dairy product 08 - 8.00 kg | C45: Brand A | D45: Dairy product - category | E45: FG2 | F45: =Data!O10 -> 8 | G45: =Data!Q10 -> 196790 | H45: =Data!L10 -> 3.3 | I45: =Data!S10/1000 -> 0 | J45: =Data!T10/1000 -> 51.95256 | K45: =IF(I45+J45=0,"",I45/(I45+J45)) -> 0
A46: DEMO000000048 | B46: Fish and seafood 03 - 1.00 kg | C46: Brand B | D46: Fish and seafood - category | E46: FG1 | F46: =Data!O32 -> 1 | G46: =Data!Q32 -> 219631 | H46: =Data!L32 -> 23 | I46: =Data!S32/1000 -> 0 | J46: =Data!T32/1000 -> 50.51513 | K46: =IF(I46+J46=0,"",I46/(I46+J46)) -> 0
A47: DEMO000000049 | B47: Eggs 03 - 1.59 kg | C47: Brand I | D47: Eggs - category | E47: FG1 | F47: =Data!O24 -> 1.59 | G47: =Data!Q24 -> 242676 | H47: =Data!L24 -> 13 | I47: =Data!S24/1000 -> 0 | J47: =Data!T24/1000 -> 50.161129 | K47: =IF(I47+J47=0,"",I47/(I47+J47)) -> 0
A48: DEMO000000050 | B48: Poultry 03 - 1.00 kg | C48: Brand H | D48: Poultry - category | E48: FG1 | F48: =Data!O28 -> 1 | G48: =Data!Q28 -> 273420 | H48: =Data!L28 -> 18.2 | I48: =Data!S28/1000 -> 0 | J48: =Data!T28/1000 -> 49.76244 | K48: =IF(I48+J48=0,"",I48/(I48+J48)) -> 0
A49: DEMO000000007 | B49: Red meat 01 - 1.00 kg | C49: Brand A | D49: Red meat - category | E49: FG1 | F49: =Data!O40 -> 1 | G49: =Data!Q40 -> 131564 | H49: =Data!L40 -> 20 | I49: =Data!S40/1000 -> 0 | J49: =Data!T40/1000 -> 26.3128 | K49: =IF(I49+J49=0,"",I49/(I49+J49)) -> 0
A50: DEMO000000027 | B50: Meat-based ready meal 02 - 2.00 kg | C50: Brand A | D50: Meat-based ready meal - category | E50: not applicable | F50: =Data!O39 -> 2 | G50: =Data!Q39 -> 71632 | H50: =Data!L39 -> 16 | I50: =Data!S39/1000 -> 0 | J50: =Data!T39/1000 -> 22.92224 | K50: =IF(I50+J50=0,"",I50/(I50+J50)) -> 0
A51: DEMO000000018 | B51: Other animal product 01 - 500 g | C51: Brand B | D51: Other animal product - category | E51: FG1 | F51: =Data!O51 -> 0.5 | G51: =Data!Q51 -> 18788 | H51: =Data!L51 -> 16 | I51: =Data!S51/1000 -> 0 | J51: =Data!T51/1000 -> 1.50304 | K51: =IF(I51+J51=0,"",I51/(I51+J51)) -> 0
A52: DEMO000000017 | B52: Animal-based fat 01 - 250 g | C52: Brand I | D52: Animal-based fat - category | E52: FG3 | F52: =Data!O37 -> 0.25 | G52: =Data!Q37 -> 600405 | H52: =Data!L37 -> 1 | I52: =Data!S37/1000 -> 0 | J52: =Data!T37/1000 -> 1.5010125 | K52: =IF(I52+J52=0,"",I52/(I52+J52)) -> 0

Sheet Data
A1: EAN 13 | B1: Product | C1: Brand | D1: Department | E1: Category | F1: Food group | G1: Subgroup | H1: Origin | I1: Composite product | J1: Composite category | K1: Protein Tracker class | L1: Protein (g/100 g) | M1: of which plant | N1: of which animal | O1: Unit weight (kg) | P1: Sales rank | Q1: Volume sold (units) | R1: Mass (kg) | S1: Plant protein (kg) | T1: Animal protein (kg) | U1: Ingredient list | V1: In WWF scope | W1: In Protein Tracker scope | X1: WWF confidence (/100) | Y1: PT confidence (/100) | Z1: Source of protein value | AA1: Source of protein split | AB1: Data level (A or B) | AC1: Dairy equivalent factor | AD1: Dairy equivalent mass (kg)
A2: DEMO000000001 | B2: Out-of-scope product 01 - 9.00 kg | C2: Brand A | D2: Beverages | E2: Out-of-scope product - category | F2: outside WWF scope | G2: outside WWF scope | H2: outside WWF scope | I2: outside WWF scope | J2: outside WWF scope | K2: plant_non_core | L2: 0.5 | M2: 0.5 | N2: 0 | O2: 9 | P2: 1 | Q2: {=IF(A2:A1000="",,IFERROR(VLOOKUP(A2:A1000,Welcome!$B$32:$D1000,3,FALSE),0))} -> 844378 | R2: =IF(N(Q2)*N(O2)=0,0,Q2*O2) -> 7599402 | S2: =R2*N(M2)/100 -> 37997.01 | T2: =R2*N(N2)/100 -> 0 | V2: No | W2: Yes | X2: outside scope | Y2: rule, no score | Z2: retailer - same product, other format | AA2: to be determined - see ARBITRAGE_partages_orphelins.xlsx | AB2: B | AC2: 1 | AD2: =R2*N(AC2) -> 7599402
A3: DEMO000000002 | B3: Fruit or vegetable 01 - 5.00 kg | C3: Brand B | D3: Fruits and vegetables | E3: Fruit or vegetable - category | F3: FG4 | G3: not applicable | H3: plant_based | I3: No | J3: not applicable | K3: plant_non_core | L3: 1.06 | M3: 1.06 | N3: 0 | O3: 5 | P3: 2 | Q3: 952660 | R3: =IF(N(Q3)*N(O3)=0,0,Q3*O3) -> 4763300 | S3: =R3*N(M3)/100 -> 50490.98 | T3: =R3*N(N3)/100 -> 0 | V3: Yes | W3: Yes | X3: 95.0 | Y3: 95.0 | Z3: retailer | AA3: exact - whole single-ingredient product (fresh department, no ingredient list) | AB3: A | AC3: 1 | AD3: =R3*N(AC3) -> 4763300
A4: DEMO000000031 | B4: Fruit or vegetable 02 - 5.00 kg | C4: Brand B | D4: Fruits and vegetables | E4: Fruit or vegetable - category | F4: FG4 | G4: not applicable | H4: plant_based | I4: No | J4: not applicable | K4: plant_non_core | L4: 1.06 | M4: 1.06 | N4: 0 | O4: 5 | P4: 3 | Q4: 847538 | R4: =IF(N(Q4)*N(O4)=0,0,Q4*O4) -> 4237690 | S4: =R4*N(M4)/100 -> 44919.514 | T4: =R4*N(N4)/100 -> 0 | V4: Yes | W4: Yes | X4: 95.0 | Y4: 95.0 | Z4: retailer | AA4: exact - whole single-ingredient product (fresh department, no ingredient list) | AB4: A | AC4: 1 | AD4: =R4*N(AC4) -> 4237690
A5: DEMO000000029 | B5: Dairy product 03 - 8.00 kg | C5: Brand D | D5: Dairy | E5: Dairy product - category | F5: FG2 | G5: dairy_animal | H5: animal_based | I5: No | J5: not applicable | K5: animal_core | L5: 3.3 | M5: 0 | N5: 3.3 | O5: 8 | P5: 4 | Q5: 292336 | R5: =IF(N(Q5)*N(O5)=0,0,Q5*O5) -> 2338688 | S5: =R5*N(M5)/100 -> 0 | T5: =R5*N(N5)/100 -> 77176.704 | V5: Yes | W5: Yes | X5: 95.0 | Y5: 95.0 | Z5: retailer | AA5: exact - all ingredients on the same side | AB5: A | AC5: 1 | AD5: =R5*N(AC5) -> 2338688
A6: DEMO000000033 | B6: Starchy vegetable 01 - 2.50 kg | C6: Brand A | D6: Fruits and vegetables | E6: Starchy vegetable - category | F6: FG6 | G6: not applicable | H6: plant_based | I6: No | J6: not applicable | K6: plant_non_core | L6: 2.13 | M6: 2.13 | N6: 0 | O6: 2.5 | P6: 5 | Q6: 844378 | R6: =IF(N(Q6)*N(O6)=0,0,Q6*O6) -> 2110945 | S6: =R6*N(M6)/100 -> 44963.128 | T6: =R6*N(N6)/100 -> 0 | V6: Yes | W6: Yes | X6: 95.0 | Y6: 95.0 | Z6: retailer | AA6: exact - all ingredients on the same side | AB6: A | AC6: 1 | AD6: =R6*N(AC6) -> 2110945
A7: DEMO000000042 | B7: Dairy product 05 - 10.00 kg | C7: Brand A | D7: Dairy | E7: Dairy product - category | F7: FG2 | G7: dairy_animal | H7: animal_based | I7: No | J7: not applicable | K7: animal_core | L7: 3.2 | M7: 0 | N7: 3.2 | O7: 10 | P7: 6 | Q7: 195917 | R7: =IF(N(Q7)*N(O7)=0,0,Q7*O7) -> 1959170 | S7: =R7*N(M7)/100 -> 0 | T7: =R7*N(N7)/100 -> 62693.44 | V7: Yes | W7: Yes | X7: 95.0 | Y7: 95.0 | Z7: retailer | AA7: exact - all ingredients on the same side | AB7: A | AC7: 1 | AD7: =R7*N(AC7) -> 1959170
A8: DEMO000000043 | B8: Dairy product 06 - 10.00 kg | C8: Brand D | D8: Dairy | E8: Dairy product - category | F8: FG2 | G8: dairy_animal | H8: animal_based | I8: No | J8: not applicable | K8: animal_core | L8: 3.3 | M8: 0 | N8: 3.3 | O8: 10 | P8: 7 | Q8: 180346 | R8: =IF(N(Q8)*N(O8)=0,0,Q8*O8) -> 1803460 | S8: =R8*N(M8)/100 -> 0 | T8: =R8*N(N8)/100 -> 59514.18 | V8: Yes | W8: Yes | X8: 95.0 | Y8: 95.0 | Z8: retailer | AA8: exact - all ingredients on the same side | AB8: A | AC8: 1 | AD8: =R8*N(AC8) -> 1803460
A9: DEMO000000046 | B9: Dairy product 07 - 8.26 kg | C9: Brand H | D9: Dairy | E9: Dairy product - category | F9: FG2 | G9: dairy_animal | H9: animal_based | I9: No | J9: not applicable | K9: animal_core | L9: 3.3 | M9: 0 | N9: 3.3 | O9: 8.26 | P9: 8 | Q9: 201862 | R9: =IF(N(Q9)*N(O9)=0,0,Q9*O9) -> 1667380.1 | S9: =R9*N(M9)/100 -> 0 | T9: =R9*N(N9)/100 -> 55023.544 | V9: Yes | W9: Yes | X9: 95.0 | Y9: 95.0 | Z9: retailer - implausible content corrected on 25 Aug 2026 | AA9: exact - all ingredients on the same side | AB9: A | AC9: 1 | AD9: =R9*N(AC9) -> 1667380.1
A10: DEMO000000047 | B10: Dairy product 08 - 8.00 kg | C10: Brand A | D10: Dairy | E10: Dairy product - category | F10: FG2 | G10: dairy_animal | H10: animal_based | I10: No | J10: not applicable | K10: animal_core | L10: 3.3 | M10: 0 | N10: 3.3 | O10: 8 | P10: 9 | Q10: 196790 | R10: =IF(N(Q10)*N(O10)=0,0,Q10*O10) -> 1574320 | S10: =R10*N(M10)/100 -> 0 | T10: =R10*N(N10)/100 -> 51952.56 | V10: Yes | W10: Yes | X10: 95.0 | Y10: 95.0 | Z10: retailer | AA10: exact - all ingredients on the same side | AB10: A | AC10: 1 | AD10: =R10*N(AC10) -> 1574320
A11: DEMO000000020 | B11: Dairy product 02 - 6.00 kg | C11: Brand E | D11: Dairy | E11: Dairy product - category | F11: FG2 | G11: dairy_animal | H11: animal_based | I11: No | J11: not applicable | K11: animal_core | L11: 8.3 | M11: 0 | N11: 8.3 | O11: 6 | P11: 10 | Q11: 159879 | R11: =IF(N(Q11)*N(O11)=0,0,Q11*O11) -> 959274 | S11: =R11*N(M11)/100 -> 0 | T11: =R11*N(N11)/100 -> 79619.742 | V11: Yes | W11: Yes | X11: 95.0 | Y11: 95.0 | Z11: retailer | AA11: exact - all ingredients on the same side | AB11: A | AC11: 1 | AD11: =R11*N(AC11) -> 959274
A12: DEMO000000003 | B12: Refined grain 01 - 1.00 kg | C12: Brand C | D12: Sweet grocery | E12: Refined grain - category | F12: FG5 | G12: refined_grain | H12: plant_based | I12: No | J12: not applicable | K12: plant_non_core | L12: 11 | M12: 11 | N12: 0 | O12: 1 | P12: 11 | Q12: 844378 | R12: =IF(N(Q12)*N(O12)=0,0,Q12*O12) -> 844378 | S12: =R12*N(M12)/100 -> 92881.58 | T12: =R12*N(N12)/100 -> 0 | V12: Yes | W12: Yes | X12: 95.0 | Y12: 95.0 | Z12: retailer | AA12: exact - all ingredients on the same side | AB12: A | AC12: 1 | AD12: =R12*N(AC12) -> 844378
A13: DEMO000000026 | B13: Discretionary product 01 - 750 g | C13: Brand C | D13: Sweet grocery | E13: Discretionary product - category | F13: FG7 | G13: not applicable | H13: animal_based | I13: No | J13: not applicable | K13: animal-plant-based composite | L13: 6.3 | M13: 4.42 | N13: 1.88 | O13: 0.75 | P13: 12 | Q13: 844378 | R13: =IF(N(Q13)*N(O13)=0,0,Q13*O13) -> 633283.5 | S13: =R13*N(M13)/100 -> 27991.131 | T13: =R13*N(N13)/100 -> 11905.73 | V13: Yes | W13: Yes | X13: 95.0 | Y13: 75.0 | Z13: retailer | AA13: exact - all percentages declared | AB13: A | AC13: 1 | AD13: =R13*N(AC13) -> 633283.5
A14: DEMO000000008 | B14: Eggs 01 - 750 g | C14: Brand A | D14: Dairy | E14: Eggs - category | F14: FG1 | G14: eggs | H14: animal_based | I14: No | J14: not applicable | K14: animal_core | L14: 16 | M14: 0 | N14: 16 | O14: 0.75 | P14: 13 | Q14: 829747 | R14: =IF(N(Q14)*N(O14)=0,0,Q14*O14) -> 622310.25 | S14: =R14*N(M14)/100 -> 0 | T14: =R14*N(N14)/100 -> 99569.64 | V14: Yes | W14: Yes | X14: 95.0 | Y14: 95.0 | Z14: retailer | AA14: exact - all ingredients on the same side | AB14: A | AC14: 1 | AD14: =R14*N(AC14) -> 622310.25
... A51: DEMO000000018 | B51: Other animal product 01 - 500 g | C51: Brand B | D51: Frozen | E51: Other animal product - category | F51: FG1 | G51: other_animal | H51: animal_based | I51: No | J51: not applicable | K51: animal_core | L51: 16 | M51: 0 | N51: 16 | O51: 0.5 | P51: 50 | Q51: 18788 | R51: =IF(N(Q51)*N(O51)=0,0,Q51*O51) -> 9394 | S51: =R51*N(M51)/100 -> 0 | T51: =R51*N(N51)/100 -> 1503.04 | V51: Yes | W51: Yes | X51: 40.0 | Y51: 95 | Z51: OpenFoodFacts | AA51: deduced from the origin of the product - the protein follows its single side | AB51: B | AC51: 1 | AD51: =R51*N(AC51) -> 9394
